founderlink-postgres  | 
founderlink-postgres  | PostgreSQL Database directory appears to contain a database; Skipping initialization
founderlink-postgres      | 
founderlink-auth-service  | 
founderlink-auth-service  |   .   ____          _            __ _ _
founderlink-auth-service  |  /\\ / ___'_ __ _ _(_)_ __  __ _ \ \ \ \
founderlink-auth-service  | ( ( )\___ | '_ | '_| | '_ \/ _` | \ \ \ \
founderlink-auth-service  |  \\/  ___)| |_)| | | | | || (_| |  ) ) ) )
founderlink-auth-service  |   '  |____| .__|_| |_|_| |_\__, | / / / /
founderlink-auth-service  |  =========|_|==============|___/=/_/_/_/
founderlink-auth-service  | 
founderlink-auth-service  |  :: Spring Boot ::                (v4.0.4)
founderlink-auth-service  | 
founderlink-auth-service  | 2026-03-27T16:48:00.209Z 2026-03-27 16:48:00 [main] INFO  c.f.a.AuthServiceApplication - [,] - Starting AuthServiceApplication v0.0.1-SNAPSHOT using Java 17.0.18 with PID 1 (/app/app.jar started by root in /app)
founderlink-auth-service  |  1 --- [auth-service] [           main] c.f.authservice.AuthServiceApplication   : Starting AuthServiceApplication v0.0.1-SNAPSHOT using Java 17.0.18 with PID 1 (/app/app.jar started by root in /app)
founderlink-auth-service  | 2026-03-27T16:48:00.224Z 2026-03-27 16:48:00 [main] INFO  c.f.a.AuthServiceApplication - [,] - The following 1 profile is active: "docker"
founderlink-auth-service  |  1 --- [auth-service] [           main] c.f.authservice.AuthServiceApplication   : The following 1 profile is active: "docker"
founderlink-auth-service  | 2026-03-27T16:48:00.387Z 2026-03-27 16:48:00 [main] INFO  o.s.c.c.c.ConfigServerConfigDataLoader - [,] - Fetching config from server at : http://config-server:8888
founderlink-auth-service  |  1 --- [auth-service] [           main] o.s.c.c.c.ConfigServerConfigDataLoader   : Fetching config from server at : http://config-server:8888
founderlink-auth-service  | 2026-03-27T16:48:00.388Z 2026-03-27 16:48:00 [main] INFO  o.s.c.c.c.ConfigServerConfigDataLoader - [,] - Located environment: name=application, profiles=[default], label=null, version=698c31ecbbf98483b87a5ae50e6521e19cce7493, state=
founderlink-auth-service  |  1 --- [auth-service] [           main] o.s.c.c.c.ConfigServerConfigDataLoader   : Located environment: name=application, profiles=[default], label=null, version=698c31ecbbf98483b87a5ae50e6521e19cce7493, state=
founderlink-auth-service  | 2026-03-27T16:48:00.395Z 2026-03-27 16:48:00 [main] INFO  o.s.c.c.c.ConfigServerConfigDataLoader - [,] - Fetching config from server at : http://config-server:8888
founderlink-auth-service  |  1 --- [auth-service] [           main] o.s.c.c.c.ConfigServerConfigDataLoader   : Fetching config from server at : http://config-server:8888
founderlink-auth-service  | 2026-03-27T16:48:00.395Z 2026-03-27 16:48:00 [main] INFO  o.s.c.c.c.ConfigServerConfigDataLoader - [,] - Located environment: name=auth-service, profiles=[default], label=null, version=698c31ecbbf98483b87a5ae50e6521e19cce7493, state=
founderlink-auth-service  |  1 --- [auth-service] [           main] o.s.c.c.c.ConfigServerConfigDataLoader   : Located environment: name=auth-service, profiles=[default], label=null, version=698c31ecbbf98483b87a5ae50e6521e19cce7493, state=
founderlink-auth-service  | 2026-03-27T16:48:00.397Z 2026-03-27 16:48:00 [main] INFO  o.s.c.c.c.ConfigServerConfigDataLoader - [,] - Fetching config from server at : http://config-server:8888
founderlink-auth-service  |  1 --- [auth-service] [           main] o.s.c.c.c.ConfigServerConfigDataLoader   : Fetching config from server at : http://config-server:8888
founderlink-auth-service  | 2026-03-27T16:48:00.397Z 2026-03-27 16:48:00 [main] INFO  o.s.c.c.c.ConfigServerConfigDataLoader - [,] - Located environment: name=auth-service, profiles=[docker], label=null, version=698c31ecbbf98483b87a5ae50e6521e19cce7493, state=
founderlink-postgres      | 2026-03-27 16:39:27.235 UTC [1] LOG:  starting PostgreSQL 15.17 on x86_64-pc-linux-musl, compiled by gcc (Alpine 15.2.0) 15.2.0, 64-bit
founderlink-postgres      | 2026-03-27 16:39:27.235 UTC [1] LOG:  listening on IPv4 address "0.0.0.0", port 5432
founderlink-postgres      | 2026-03-27 16:39:27.235 UTC [1] LOG:  listening on IPv6 address "::", port 5432
founderlink-postgres      | 2026-03-27 16:39:27.246 UTC [1] LOG:  listening on Unix socket "/var/run/postgresql/.s.PGSQL.5432"
founderlink-auth-service  |  1 --- [auth-service] [           main] o.s.c.c.c.ConfigServerConfigDataLoader   : Located environment: name=auth-service, profiles=[docker], label=null, version=698c31ecbbf98483b87a5ae50e6521e19cce7493, state=
founderlink-auth-service  | 2026-03-27T16:48:00.397Z 2026-03-27 16:48:00 [main] INFO  o.s.c.c.c.ConfigServerConfigDataLoader - [,] - Fetching config from server at : http://config-server:8888
founderlink-auth-service  |  1 --- [auth-service] [           main] o.s.c.c.c.ConfigServerConfigDataLoader   : Fetching config from server at : http://config-server:8888
founderlink-auth-service  | 2026-03-27T16:48:00.398Z 2026-03-27 16:48:00 [main] INFO  o.s.c.c.c.ConfigServerConfigDataLoader - [,] - Located environment: name=auth-service, profiles=[default], label=null, version=698c31ecbbf98483b87a5ae50e6521e19cce7493, state=
founderlink-auth-service  |  1 --- [auth-service] [           main] o.s.c.c.c.ConfigServerConfigDataLoader   : Located environment: name=auth-service, profiles=[default], label=null, version=698c31ecbbf98483b87a5ae50e6521e19cce7493, state=
founderlink-auth-service  | 2026-03-27T16:48:00.398Z 2026-03-27 16:48:00 [main] INFO  o.s.c.c.c.ConfigServerConfigDataLoader - [,] - Fetching config from server at : http://config-server:8888
founderlink-auth-service  |  1 --- [auth-service] [           main] o.s.c.c.c.ConfigServerConfigDataLoader   : Fetching config from server at : http://config-server:8888
founderlink-user-service  | 
founderlink-user-service  |   .   ____          _            __ _ _
founderlink-user-service  |  /\\ / ___'_ __ _ _(_)_ __  __ _ \ \ \ \
founderlink-user-service  | ( ( )\___ | '_ | '_| | '_ \/ _` | \ \ \ \
founderlink-user-service  |  \\/  ___)| |_)| | | | | || (_| |  ) ) ) )
founderlink-user-service  |   '  |____| .__|_| |_|_| |_\__, | / / / /
founderlink-auth-service  | 2026-03-27T16:48:00.399Z 2026-03-27 16:48:00 [main] INFO  o.s.c.c.c.ConfigServerConfigDataLoader - [,] - Located environment: name=auth-service, profiles=[docker], label=null, version=698c31ecbbf98483b87a5ae50e6521e19cce7493, state=
founderlink-auth-service  |  1 --- [auth-service] [           main] o.s.c.c.c.ConfigServerConfigDataLoader   : Located environment: name=auth-service, profiles=[docker], label=null, version=698c31ecbbf98483b87a5ae50e6521e19cce7493, state=
founderlink-user-service  |  =========|_|==============|___/=/_/_/_/
founderlink-postgres      | 2026-03-27 16:39:27.262 UTC [29] LOG:  database system was shut down at 2026-03-27 16:39:11 UTC
founderlink-postgres      | 2026-03-27 16:39:27.273 UTC [1] LOG:  database system is ready to accept connections
founderlink-postgres      | 2026-03-27 16:44:27.361 UTC [27] LOG:  checkpoint starting: time
founderlink-postgres      | 2026-03-27 16:44:27.403 UTC [27] LOG:  checkpoint complete: wrote 3 buffers (0.0%); 0 WAL file(s) added, 0 removed, 0 recycled; write=0.015 s, sync=0.003 s, total=0.043 s; sync files=2, longest=0.003 s, average=0.002 s; distance=0 kB, estimate=0 kB
founderlink-config-server  | 
founderlink-config-server  |   .   ____          _            __ _ _
founderlink-config-server  |  /\\ / ___'_ __ _ _(_)_ __  __ _ \ \ \ \
founderlink-config-server  | ( ( )\___ | '_ | '_| | '_ \/ _` | \ \ \ \
founderlink-config-server  |  \\/  ___)| |_)| | | | | || (_| |  ) ) ) )
founderlink-config-server  |   '  |____| .__|_| |_|_| |_\__, | / / / /
founderlink-config-server  |  =========|_|==============|___/=/_/_/_/
founderlink-config-server  | 
founderlink-config-server  |  :: Spring Boot ::                (v4.0.4)
founderlink-config-server  | 
founderlink-config-server  | 2026-03-27T16:39:44.601Z  INFO 1 --- [config-server] [           main] c.f.c.ConfigServerApplication            : Starting ConfigServerApplication v0.0.1-SNAPSHOT using Java 17.0.18 with PID 1 (/app/app.jar started by root in /app)
founderlink-config-server  | 2026-03-27T16:39:44.612Z  INFO 1 --- [config-server] [           main] c.f.c.ConfigServerApplication            : The following 1 profile is active: "docker"
founderlink-config-server  | 2026-03-27T16:39:46.361Z  INFO 1 --- [config-server] [           main] o.s.cloud.context.scope.GenericScope     : BeanFactory id=71973f59-632a-3bc7-91ee-522e5e2e5f03
founderlink-config-server  | 2026-03-27T16:39:46.898Z  INFO 1 --- [config-server] [           main] o.s.boot.tomcat.TomcatWebServer          : Tomcat initialized with port 8888 (http)
founderlink-config-server  | 2026-03-27T16:39:46.930Z  INFO 1 --- [config-server] [           main] o.apache.catalina.core.StandardService   : Starting service [Tomcat]
founderlink-config-server  | 2026-03-27T16:39:46.931Z  INFO 1 --- [config-server] [           main] o.apache.catalina.core.StandardEngine    : Starting Servlet engine: [Apache Tomcat/11.0.18]
founderlink-config-server  | 2026-03-27T16:39:46.983Z  INFO 1 --- [config-server] [           main] b.w.c.s.WebApplicationContextInitializer : Root WebApplicationContext: initialization completed in 2279 ms
founderlink-config-server  | 2026-03-27T16:39:49.380Z  INFO 1 --- [config-server] [           main] DiscoveryClientOptionalArgsConfiguration : Eureka HTTP Client uses RestClient.
founderlink-config-server  | 2026-03-27T16:39:49.554Z  WARN 1 --- [config-server] [           main] iguration$LoadBalancerCaffeineWarnLogger : Spring Cloud LoadBalancer is currently working with the default cache. While this cache implementation is useful for development and tests, it's recommended to use Caffeine cache in production.You can switch to using Caffeine cache, by adding it and org.springframework.cache.caffeine.CaffeineCacheManager to the classpath.
founderlink-config-server  | 2026-03-27T16:39:49.571Z  INFO 1 --- [config-server] [           main] o.s.b.a.e.web.EndpointLinksResolver      : Exposing 1 endpoint beneath base path '/actuator'
founderlink-config-server  | 2026-03-27T16:39:49.666Z  INFO 1 --- [config-server] [           main] o.s.c.n.eureka.InstanceInfoFactory       : Setting initial instance status as: STARTING
founderlink-config-server  | 2026-03-27T16:39:49.701Z  INFO 1 --- [config-server] [           main] com.netflix.discovery.DiscoveryClient    : Initializing Eureka in region us-east-1
founderlink-config-server  | 2026-03-27T16:39:49.706Z  INFO 1 --- [config-server] [           main] c.n.d.s.r.aws.ConfigClusterResolver      : Resolving eureka endpoints via configuration
founderlink-config-server  | 2026-03-27T16:39:49.717Z  INFO 1 --- [config-server] [           main] com.netflix.discovery.DiscoveryClient    : Disable delta property : false
founderlink-config-server      | 2026-03-27T16:39:49.718Z  INFO 1 --- [config-server] [           main] com.netflix.discovery.DiscoveryClient    : Single vip registry refresh property : null
founderlink-rabbitmq           | 2026-03-27 16:39:31.928575+00:00 [notice] <0.44.0> Application syslog exited with reason: stopped
founderlink-api-gateway        | 
founderlink-rabbitmq            | 2026-03-27 16:39:31.935414+00:00 [notice] <0.254.0> Logging: switching to configured handler(s); following messages may not be visible in this log output
founderlink-investment-service  | 
founderlink-config-server      | 2026-03-27T16:39:49.718Z  INFO 1 --- [config-server] [           main] com.netflix.discovery.DiscoveryClient    : Force full registry fetch : false
founderlink-investment-service  |   .   ____          _            __ _ _
founderlink-config-server       | 2026-03-27T16:39:49.718Z  INFO 1 --- [config-server] [           main] com.netflix.discovery.DiscoveryClient    : Application is null : false
founderlink-api-gateway         |   .   ____          _            __ _ _
founderlink-config-server       | 2026-03-27T16:39:49.718Z  INFO 1 --- [config-server] [           main] com.netflix.discovery.DiscoveryClient    : Registered Applications size is zero : true
founderlink-rabbitmq            | [38;5;87m2026-03-27 16:39:31.936250+00:00 [notice] <0.254.0> Logging: configured log handlers are now ACTIVE[0m
founderlink-rabbitmq            | 2026-03-27 16:39:31.948758+00:00 [info] <0.254.0> ra: starting system quorum_queues[0m
founderlink-rabbitmq            | 2026-03-27 16:39:31.948878+00:00 [info] <0.254.0> starting Ra system: quorum_queues in directory: /var/lib/rabbitmq/mnesia/rabbit@dad3a450f705/quorum/rabbit@dad3a450f705[0m
founderlink-rabbitmq            | 2026-03-27 16:39:32.041176+00:00 [info] <0.268.0> ra system 'quorum_queues' running pre init for 0 registered servers[0m
founderlink-rabbitmq            | 2026-03-27 16:39:32.053995+00:00 [info] <0.269.0> ra: meta data store initialised for system quorum_queues. 0 record(s) recovered[0m
founderlink-config-server       | 2026-03-27T16:39:49.718Z  INFO 1 --- [config-server] [           main] com.netflix.discovery.DiscoveryClient    : Application version is -1: true
founderlink-config-server       | 2026-03-27T16:39:49.718Z  INFO 1 --- [config-server] [           main] com.netflix.discovery.DiscoveryClient    : Getting all instance registry info from the eureka server
founderlink-config-server       | 2026-03-27T16:39:50.151Z  INFO 1 --- [config-server] [           main] com.netflix.discovery.DiscoveryClient    : The response status is 200
founderlink-config-server       | 2026-03-27T16:39:50.152Z  INFO 1 --- [config-server] [           main] com.netflix.discovery.DiscoveryClient    : Starting heartbeat executor: renew interval is: 30
founderlink-rabbitmq            | [38;5;87m2026-03-27 16:39:32.079434+00:00 [notice] <0.274.0> WAL: ra_log_wal init, open tbls: ra_log_open_mem_tables, closed tbls: ra_log_closed_mem_tables[0m
founderlink-rabbitmq            | 2026-03-27 16:39:32.107510+00:00 [info] <0.254.0> ra: starting system coordination[0m
founderlink-rabbitmq            | 2026-03-27 16:39:32.107613+00:00 [info] <0.254.0> starting Ra system: coordination in directory: /var/lib/rabbitmq/mnesia/rabbit@dad3a450f705/coordination/rabbit@dad3a450f705[0m
founderlink-rabbitmq            | 2026-03-27 16:39:32.108880+00:00 [info] <0.282.0> ra system 'coordination' running pre init for 0 registered servers[0m
founderlink-rabbitmq            | 2026-03-27 16:39:32.109677+00:00 [info] <0.283.0> ra: meta data store initialised for system coordination. 0 record(s) recovered[0m
founderlink-rabbitmq            | [38;5;87m2026-03-27 16:39:32.110031+00:00 [notice] <0.288.0> WAL: ra_coordination_log_wal init, open tbls: ra_coordination_log_open_mem_tables, closed tbls: ra_coordination_log_closed_mem_tables[0m
founderlink-rabbitmq            | 2026-03-27 16:39:32.118079+00:00 [info] <0.254.0> ra: starting system coordination[0m
founderlink-rabbitmq            | 2026-03-27 16:39:32.118357+00:00 [info] <0.254.0> starting Ra system: coordination in directory: /var/lib/rabbitmq/mnesia/rabbit@dad3a450f705/coordination/rabbit@dad3a450f705[0m
founderlink-mongo               | {"t":{"$date":"2026-03-27T16:39:27.262+00:00"},"s":"I",  "c":"NETWORK",  "id":4915701, "ctx":"-","msg":"Initialized wire specification","attr":{"spec":{"incomingExternalClient":{"minWireVersion":0,"maxWireVersion":17},"incomingInternalClient":{"minWireVersion":0,"maxWireVersion":17},"outgoing":{"minWireVersion":6,"maxWireVersion":17},"isInternalClient":true}}}
founderlink-mongo               | {"t":{"$date":"2026-03-27T16:39:27.264+00:00"},"s":"I",  "c":"CONTROL",  "id":23285,   "ctx":"-","msg":"Automatically disabling TLS 1.0, to force-enable TLS 1.0 specify --sslDisabledProtocols 'none'"}
founderlink-mongo               | {"t":{"$date":"2026-03-27T16:39:27.265+00:00"},"s":"I",  "c":"NETWORK",  "id":4648601, "ctx":"main","msg":"Implicit TCP FastOpen unavailable. If TCP FastOpen is required, set tcpFastOpenServer, tcpFastOpenClient, and tcpFastOpenQueueSize."}
founderlink-mongo               | {"t":{"$date":"2026-03-27T16:39:27.266+00:00"},"s":"I",  "c":"REPL",     "id":5123008, "ctx":"main","msg":"Successfully registered PrimaryOnlyService","attr":{"service":"TenantMigrationDonorService","namespace":"config.tenantMigrationDonors"}}
founderlink-mongo               | {"t":{"$date":"2026-03-27T16:39:27.266+00:00"},"s":"I",  "c":"REPL",     "id":5123008, "ctx":"main","msg":"Successfully registered PrimaryOnlyService","attr":{"service":"TenantMigrationRecipientService","namespace":"config.tenantMigrationRecipients"}}
founderlink-user-service        | 
founderlink-user-service        |  :: Spring Boot ::                (v4.0.4)
founderlink-rabbitmq            | 2026-03-27 16:39:32.277820+00:00 [info] <0.254.0> Waiting for Khepri leader for 30000 ms, 9 retries left[0m
founderlink-auth-service        | 2026-03-27T16:48:05.107Z 2026-03-27 16:48:05 [main] INFO  o.s.d.r.c.RepositoryConfigurationDelegate - [,] - Bootstrapping Spring Data JPA repositories in DEFAULT mode.
founderlink-messaging-service  | 
founderlink-messaging-service   |   .   ____          _            __ _ _
founderlink-config-server       | 2026-03-27T16:39:50.153Z  INFO 1 --- [config-server] [           main] c.n.discovery.InstanceInfoReplicator     : InstanceInfoReplicator onDemand update allowed rate per min is 4
founderlink-config-server       | 2026-03-27T16:39:50.154Z  INFO 1 --- [config-server] [           main] com.netflix.discovery.DiscoveryClient    : Discovery Client initialized at timestamp 1774629590154 with initial instances count: 0
founderlink-user-service        | 
founderlink-user-service        | 2026-03-27T16:48:02.287Z 2026-03-27 16:48:02 [main] INFO  c.f.u.UserServiceApplication - [,] - Starting UserServiceApplication v0.0.1-SNAPSHOT using Java 17.0.18 with PID 1 (/app/app.jar started by root in /app)
founderlink-user-service        |  1 --- [user-service] [           main] c.f.userservice.UserServiceApplication   : Starting UserServiceApplication v0.0.1-SNAPSHOT using Java 17.0.18 with PID 1 (/app/app.jar started by root in /app)
founderlink-rabbitmq            | [38;5;87m2026-03-27 16:39:32.295004+00:00 [notice] <0.292.0> RabbitMQ metadata store: candidate -> leader in term: 1 machine version: 1[0m
founderlink-rabbitmq              | 2026-03-27 16:39:32.303490+00:00 [info] <0.254.0> Khepri leader elected[0m
founderlink-rabbitmq              | 2026-03-27 16:39:32.303604+00:00 [info] <0.254.0> Waiting for Khepri projections for 30000 ms, 9 retries left[0m
founderlink-investment-service  |  /\\ / ___'_ __ _ _(_)_ __  __ _ \ \ \ \
founderlink-investment-service    | ( ( )\___ | '_ | '_| | '_ \/ _` | \ \ \ \
founderlink-mongo               | {"t":{"$date":"2026-03-27T16:39:27.266+00:00"},"s":"I",  "c":"REPL",     "id":5123008, "ctx":"main","msg":"Successfully registered PrimaryOnlyService","attr":{"service":"ShardSplitDonorService","namespace":"config.tenantSplitDonors"}}
founderlink-investment-service    |  \\/  ___)| |_)| | | | | || (_| |  ) ) ) )
founderlink-investment-service    |   '  |____| .__|_| |_|_| |_\__, | / / / /
founderlink-investment-service    |  =========|_|==============|___/=/_/_/_/
founderlink-investment-service    | 
founderlink-notification-service  | 
founderlink-startup-service       | 
founderlink-notification-service  |   .   ____          _            __ _ _
founderlink-notification-service  |  /\\ / ___'_ __ _ _(_)_ __  __ _ \ \ \ \
founderlink-notification-service  | ( ( )\___ | '_ | '_| | '_ \/ _` | \ \ \ \
founderlink-notification-service  |  \\/  ___)| |_)| | | | | || (_| |  ) ) ) )
founderlink-notification-service  |   '  |____| .__|_| |_|_| |_\__, | / / / /
founderlink-startup-service       |   .   ____          _            __ _ _
founderlink-team-service        | 
founderlink-team-service          |   .   ____          _            __ _ _
founderlink-team-service          |  /\\ / ___'_ __ _ _(_)_ __  __ _ \ \ \ \
founderlink-team-service          | ( ( )\___ | '_ | '_| | '_ \/ _` | \ \ \ \
founderlink-team-service          |  \\/  ___)| |_)| | | | | || (_| |  ) ) ) )
founderlink-team-service          |   '  |____| .__|_| |_|_| |_\__, | / / / /
founderlink-team-service          |  =========|_|==============|___/=/_/_/_/
founderlink-team-service          | 
founderlink-eureka-server         | 
founderlink-mongo                 | {"t":{"$date":"2026-03-27T16:39:27.266+00:00"},"s":"I",  "c":"CONTROL",  "id":5945603, "ctx":"main","msg":"Multi threading initialized"}
founderlink-zipkin              | 
founderlink-mongo                 | {"t":{"$date":"2026-03-27T16:39:27.267+00:00"},"s":"I",  "c":"CONTROL",  "id":4615611, "ctx":"initandlisten","msg":"MongoDB starting","attr":{"pid":1,"port":27017,"dbPath":"/data/db","architecture":"64-bit","host":"8345bb7e75ea"}}
founderlink-zipkin                |                   oo
founderlink-zipkin                |                  oooo
founderlink-zipkin                |                 oooooo
founderlink-mongo                 | {"t":{"$date":"2026-03-27T16:39:27.267+00:00"},"s":"I",  "c":"CONTROL",  "id":23403,   "ctx":"initandlisten","msg":"Build Info","attr":{"buildInfo":{"version":"6.0.27","gitVersion":"fc88ca137231d7457aed6265d4f32a361ae71716","openSSLVersion":"OpenSSL 3.0.2 15 Mar 2022","modules":[],"allocator":"tcmalloc","environment":{"distmod":"ubuntu2204","distarch":"x86_64","target_arch":"x86_64"}}}}
founderlink-user-service        | 2026-03-27T16:48:02.297Z 2026-03-27 16:48:02 [main] INFO  c.f.u.UserServiceApplication - [,] - The following 1 profile is active: "docker"
founderlink-mongo                 | {"t":{"$date":"2026-03-27T16:39:27.267+00:00"},"s":"I",  "c":"CONTROL",  "id":51765,   "ctx":"initandlisten","msg":"Operating System","attr":{"os":{"name":"Ubuntu","version":"22.04"}}}
founderlink-mongo                 | {"t":{"$date":"2026-03-27T16:39:27.267+00:00"},"s":"I",  "c":"CONTROL",  "id":21951,   "ctx":"initandlisten","msg":"Options set by command line","attr":{"options":{"net":{"bindIp":"*"}}}}
founderlink-mongo                 | {"t":{"$date":"2026-03-27T16:39:27.282+00:00"},"s":"I",  "c":"STORAGE",  "id":22270,   "ctx":"initandlisten","msg":"Storage engine to use detected by data files","attr":{"dbpath":"/data/db","storageEngine":"wiredTiger"}}
founderlink-mongo                 | {"t":{"$date":"2026-03-27T16:39:27.282+00:00"},"s":"I",  "c":"STORAGE",  "id":22297,   "ctx":"initandlisten","msg":"Using the XFS filesystem is strongly recommended with the WiredTiger storage engine. See http://dochub.mongodb.org/core/prodnotes-filesystem","tags":["startupWarnings"]}
founderlink-api-gateway         |  /\\ / ___'_ __ _ _(_)_ __  __ _ \ \ \ \
founderlink-notification-service  |  =========|_|==============|___/=/_/_/_/
founderlink-api-gateway           | ( ( )\___ | '_ | '_| | '_ \/ _` | \ \ \ \
founderlink-notification-service  | 
founderlink-notification-service  |  :: Spring Boot ::                (v4.0.4)
founderlink-notification-service  | 
founderlink-notification-service  | 2026-03-27T16:48:17.281Z 2026-03-27 16:48:17 [main] INFO  c.f.n.NotificationServiceApplication - [,] - Starting NotificationServiceApplication v0.0.1-SNAPSHOT using Java 17.0.18 with PID 1 (/app/app.jar started by root in /app)
founderlink-notification-service  |  1 --- [notification-service] [           main] c.f.n.NotificationServiceApplication     : Starting NotificationServiceApplication v0.0.1-SNAPSHOT using Java 17.0.18 with PID 1 (/app/app.jar started by root in /app)
founderlink-notification-service  | 2026-03-27T16:48:17.359Z 2026-03-27 16:48:17 [main] INFO  c.f.n.NotificationServiceApplication - [,] - The following 1 profile is active: "docker"
founderlink-auth-service          |  1 --- [auth-service] [           main] .s.d.r.c.RepositoryConfigurationDelegate : Bootstrapping Spring Data JPA repositories in DEFAULT mode.
founderlink-messaging-service   |  /\\ / ___'_ __ _ _(_)_ __  __ _ \ \ \ \
founderlink-messaging-service     | ( ( )\___ | '_ | '_| | '_ \/ _` | \ \ \ \
founderlink-messaging-service     |  \\/  ___)| |_)| | | | | || (_| |  ) ) ) )
founderlink-messaging-service     |   '  |____| .__|_| |_|_| |_\__, | / / / /
founderlink-messaging-service     |  =========|_|==============|___/=/_/_/_/
founderlink-messaging-service     | 
founderlink-messaging-service     |  :: Spring Boot ::                (v4.0.4)
founderlink-messaging-service     | 
founderlink-messaging-service     | 2026-03-27T16:48:03.497Z 2026-03-27 16:48:03 [main] INFO  c.f.m.MessagingServiceApplication - [,] - Starting MessagingServiceApplication v0.0.1-SNAPSHOT using Java 17.0.18 with PID 1 (/app/app.jar started by root in /app)
founderlink-messaging-service     |  1 --- [messaging-service] [           main] c.f.m.MessagingServiceApplication        : Starting MessagingServiceApplication v0.0.1-SNAPSHOT using Java 17.0.18 with PID 1 (/app/app.jar started by root in /app)
founderlink-notification-service  |  1 --- [notification-service] [           main] c.f.n.NotificationServiceApplication     : The following 1 profile is active: "docker"
founderlink-rabbitmq              | 2026-03-27 16:39:32.762607+00:00 [info] <0.254.0> [0m
founderlink-notification-service  | 2026-03-27T16:48:17.902Z 2026-03-27 16:48:17 [main] INFO  o.s.c.c.c.ConfigServerConfigDataLoader - [,] - Fetching config from server at : http://config-server:8888
founderlink-zipkin                |                oooooooo
founderlink-investment-service    |  :: Spring Boot ::                (v4.0.4)
founderlink-investment-service    | 
founderlink-zipkin                |               oooooooooo
founderlink-notification-service  |  1 --- [notification-service] [           main] o.s.c.c.c.ConfigServerConfigDataLoader   : Fetching config from server at : http://config-server:8888
founderlink-zipkin                |              oooooooooooo
founderlink-notification-service  | 2026-03-27T16:48:17.903Z 2026-03-27 16:48:17 [main] INFO  o.s.c.c.c.ConfigServerConfigDataLoader - [,] - Located environment: name=application, profiles=[default], label=null, version=698c31ecbbf98483b87a5ae50e6521e19cce7493, state=
founderlink-zipkin                |            ooooooo  ooooooo
founderlink-notification-service  |  1 --- [notification-service] [           main] o.s.c.c.c.ConfigServerConfigDataLoader   : Located environment: name=application, profiles=[default], label=null, version=698c31ecbbf98483b87a5ae50e6521e19cce7493, state=
founderlink-zipkin                |           oooooo     ooooooo
founderlink-notification-service  | 2026-03-27T16:48:17.916Z 2026-03-27 16:48:17 [main] INFO  o.s.c.c.c.ConfigServerConfigDataLoader - [,] - Fetching config from server at : http://config-server:8888
founderlink-mongo                 | {"t":{"$date":"2026-03-27T16:39:27.282+00:00"},"s":"I",  "c":"STORAGE",  "id":22315,   "ctx":"initandlisten","msg":"Opening WiredTiger","attr":{"config":"create,cache_size=11354M,session_max=33000,eviction=(threads_min=4,threads_max=4),config_base=false,statistics=(fast),log=(enabled=true,remove=true,path=journal,compressor=snappy),builtin_extension_config=(zstd=(compression_level=6)),file_manager=(close_idle_time=600,close_scan_interval=10,close_handle_minimum=2000),statistics_log=(wait=0),json_output=(error,message),verbose=[recovery_progress:1,checkpoint_progress:1,compact_progress:1,backup:0,checkpoint:0,compact:0,evict:0,history_store:0,recovery:0,rts:0,salvage:0,tiered:0,timestamp:0,transaction:0,verify:0,log:0],"}}
founderlink-rabbitmq              | 2026-03-27 16:39:32.762607+00:00 [info] <0.254.0>  Starting RabbitMQ 3.13.7 on Erlang 26.2.5.16 [jit][0m
founderlink-mongo                 | {"t":{"$date":"2026-03-27T16:39:27.439+00:00"},"s":"I",  "c":"WTRECOV",  "id":22430,   "ctx":"initandlisten","msg":"WiredTiger message","attr":{"message":{"ts_sec":1774629567,"ts_usec":439668,"thread":"1:0x713003d8bcc0","session_name":"txn-recover","category":"WT_VERB_RECOVERY_PROGRESS","category_id":30,"verbose_level":"DEBUG","verbose_level_id":1,"msg":"Recovering log 4 through 5"}}}
founderlink-mongo                 | {"t":{"$date":"2026-03-27T16:39:27.507+00:00"},"s":"I",  "c":"WTRECOV",  "id":22430,   "ctx":"initandlisten","msg":"WiredTiger message","attr":{"message":{"ts_sec":1774629567,"ts_usec":507302,"thread":"1:0x713003d8bcc0","session_name":"txn-recover","category":"WT_VERB_RECOVERY_PROGRESS","category_id":30,"verbose_level":"DEBUG","verbose_level_id":1,"msg":"Recovering log 5 through 5"}}}
founderlink-mongo                 | {"t":{"$date":"2026-03-27T16:39:27.635+00:00"},"s":"I",  "c":"WTRECOV",  "id":22430,   "ctx":"initandlisten","msg":"WiredTiger message","attr":{"message":{"ts_sec":1774629567,"ts_usec":635353,"thread":"1:0x713003d8bcc0","session_name":"txn-recover","category":"WT_VERB_RECOVERY_PROGRESS","category_id":30,"verbose_level":"DEBUG","verbose_level_id":1,"msg":"Main recovery loop: starting at 4/22016 to 5/256"}}}
founderlink-mongo                 | {"t":{"$date":"2026-03-27T16:39:27.872+00:00"},"s":"I",  "c":"WTRECOV",  "id":22430,   "ctx":"initandlisten","msg":"WiredTiger message","attr":{"message":{"ts_sec":1774629567,"ts_usec":872089,"thread":"1:0x713003d8bcc0","session_name":"txn-recover","category":"WT_VERB_RECOVERY_PROGRESS","category_id":30,"verbose_level":"DEBUG","verbose_level_id":1,"msg":"Recovering log 4 through 5"}}}
founderlink-investment-service    | 2026-03-27T16:48:08.574Z 2026-03-27 16:48:08 [main] INFO  c.f.i.InvestmentServiceApplication - [,] - Starting InvestmentServiceApplication v0.0.1-SNAPSHOT using Java 17.0.18 with PID 1 (/app/app.jar started by root in /app)
founderlink-notification-service  |  1 --- [notification-service] [           main] o.s.c.c.c.ConfigServerConfigDataLoader   : Fetching config from server at : http://config-server:8888
founderlink-investment-service    |  1 --- [investment-service] [           main] c.f.i.InvestmentServiceApplication       : Starting InvestmentServiceApplication v0.0.1-SNAPSHOT using Java 17.0.18 with PID 1 (/app/app.jar started by root in /app)
founderlink-notification-service  | 2026-03-27T16:48:17.916Z 2026-03-27 16:48:17 [main] INFO  o.s.c.c.c.ConfigServerConfigDataLoader - [,] - Located environment: name=notification-service, profiles=[default], label=null, version=698c31ecbbf98483b87a5ae50e6521e19cce7493, state=
founderlink-notification-service  |  1 --- [notification-service] [           main] o.s.c.c.c.ConfigServerConfigDataLoader   : Located environment: name=notification-service, profiles=[default], label=null, version=698c31ecbbf98483b87a5ae50e6521e19cce7493, state=
founderlink-notification-service  | 2026-03-27T16:48:17.920Z 2026-03-27 16:48:17 [main] INFO  o.s.c.c.c.ConfigServerConfigDataLoader - [,] - Fetching config from server at : http://config-server:8888
founderlink-notification-service  |  1 --- [notification-service] [           main] o.s.c.c.c.ConfigServerConfigDataLoader   : Fetching config from server at : http://config-server:8888
founderlink-notification-service  | 2026-03-27T16:48:17.922Z 2026-03-27 16:48:17 [main] INFO  o.s.c.c.c.ConfigServerConfigDataLoader - [,] - Located environment: name=notification-service, profiles=[docker], label=null, version=698c31ecbbf98483b87a5ae50e6521e19cce7493, state=
founderlink-notification-service  |  1 --- [notification-service] [           main] o.s.c.c.c.ConfigServerConfigDataLoader   : Located environment: name=notification-service, profiles=[docker], label=null, version=698c31ecbbf98483b87a5ae50e6521e19cce7493, state=
founderlink-notification-service  | 2026-03-27T16:48:17.923Z 2026-03-27 16:48:17 [main] INFO  o.s.c.c.c.ConfigServerConfigDataLoader - [,] - Fetching config from server at : http://config-server:8888
founderlink-notification-service  |  1 --- [notification-service] [           main] o.s.c.c.c.ConfigServerConfigDataLoader   : Fetching config from server at : http://config-server:8888
founderlink-notification-service  | 2026-03-27T16:48:17.924Z 2026-03-27 16:48:17 [main] INFO  o.s.c.c.c.ConfigServerConfigDataLoader - [,] - Located environment: name=notification-service, profiles=[default], label=null, version=698c31ecbbf98483b87a5ae50e6521e19cce7493, state=
founderlink-notification-service  |  1 --- [notification-service] [           main] o.s.c.c.c.ConfigServerConfigDataLoader   : Located environment: name=notification-service, profiles=[default], label=null, version=698c31ecbbf98483b87a5ae50e6521e19cce7493, state=
founderlink-notification-service  | 2026-03-27T16:48:17.926Z 2026-03-27 16:48:17 [main] INFO  o.s.c.c.c.ConfigServerConfigDataLoader - [,] - Fetching config from server at : http://config-server:8888
founderlink-zipkin                |          oooooo       ooooooo
founderlink-zipkin                |         oooooo   o  o   oooooo
founderlink-zipkin                |        oooooo   oo  oo   oooooo
founderlink-zipkin                |      ooooooo  oooo  oooo  ooooooo
founderlink-zipkin                |     oooooo   ooooo  ooooo  ooooooo
founderlink-zipkin                |    oooooo   oooooo  oooooo  ooooooo
founderlink-zipkin                |   oooooooo      oo  oo      oooooooo
founderlink-zipkin                |   ooooooooooooo oo  oo ooooooooooooo
founderlink-zipkin                |       oooooooooooo  oooooooooooo
founderlink-zipkin                |           oooooooo  oooooooo
founderlink-zipkin                |               oooo  oooo
founderlink-zipkin                | 
founderlink-zipkin                |      ________ ____  _  _____ _   _
founderlink-zipkin                |     |__  /_ _|  _ \| |/ /_ _| \ | |
founderlink-zipkin                |       / / | || |_) | ' / | ||  \| |
founderlink-zipkin                |      / /_ | ||  __/| . \ | || |\  |
founderlink-zipkin                |     |____|___|_|   |_|\_\___|_| \_|
founderlink-zipkin                | 
founderlink-zipkin                | :: version 3.6.0 :: commit 1142cfa ::
founderlink-zipkin                | 
founderlink-zipkin                | WARNING: A terminally deprecated method in sun.misc.Unsafe has been called
founderlink-api-gateway           |  \\/  ___)| |_)| | | | | || (_| |  ) ) ) )
founderlink-api-gateway           |   '  |____| .__|_| |_|_| |_\__, | / / / /
founderlink-api-gateway           |  =========|_|==============|___/=/_/_/_/
founderlink-api-gateway           | 
founderlink-api-gateway           |  :: Spring Boot ::                (v4.0.4)
founderlink-api-gateway           | 
founderlink-api-gateway           | 2026-03-27T16:48:17.717Z 2026-03-27 16:48:17 [main] INFO  c.f.apigateway.ApiGatewayApplication - [,] - Starting ApiGatewayApplication v0.0.1-SNAPSHOT using Java 17.0.18 with PID 1 (/app/app.jar started by root in /app)
founderlink-api-gateway           |  1 --- [api-gateway] [           main] c.f.apigateway.ApiGatewayApplication     : Starting ApiGatewayApplication v0.0.1-SNAPSHOT using Java 17.0.18 with PID 1 (/app/app.jar started by root in /app)
founderlink-api-gateway           | 2026-03-27T16:48:17.744Z 2026-03-27 16:48:17 [main] INFO  c.f.apigateway.ApiGatewayApplication - [,] - The following 1 profile is active: "docker"
founderlink-api-gateway           |  1 --- [api-gateway] [           main] c.f.apigateway.ApiGatewayApplication     : The following 1 profile is active: "docker"
founderlink-api-gateway           | 2026-03-27T16:48:17.890Z 2026-03-27 16:48:17 [main] INFO  o.s.c.c.c.ConfigServerConfigDataLoader - [,] - Fetching config from server at : http://config-server:8888
founderlink-api-gateway           |  1 --- [api-gateway] [           main] o.s.c.c.c.ConfigServerConfigDataLoader   : Fetching config from server at : http://config-server:8888
founderlink-auth-service          | 2026-03-27T16:48:05.669Z 2026-03-27 16:48:05 [main] INFO  o.s.d.r.c.RepositoryConfigurationDelegate - [,] - Finished Spring Data repository scanning in 530 ms. Found 2 JPA repository interfaces.
founderlink-api-gateway           | 2026-03-27T16:48:17.891Z 2026-03-27 16:48:17 [main] INFO  o.s.c.c.c.ConfigServerConfigDataLoader - [,] - Located environment: name=application, profiles=[default], label=null, version=698c31ecbbf98483b87a5ae50e6521e19cce7493, state=
founderlink-rabbitmq              | 2026-03-27 16:39:32.762607+00:00 [info] <0.254.0>  Copyright (c) 2007-2024 Broadcom Inc and/or its subsidiaries[0m
founderlink-config-server       | 2026-03-27T16:39:50.157Z  INFO 1 --- [config-server] [           main] o.s.c.n.e.s.EurekaServiceRegistry        : Registering application CONFIG-SERVER with eureka with status UP
founderlink-notification-service  |  1 --- [notification-service] [           main] o.s.c.c.c.ConfigServerConfigDataLoader   : Fetching config from server at : http://config-server:8888
founderlink-config-server         | 2026-03-27T16:39:50.158Z  INFO 1 --- [config-server] [           main] com.netflix.discovery.DiscoveryClient    : Saw local status change event StatusChangeEvent [timestamp=1774629590158, current=UP, previous=STARTING]
founderlink-config-server         | 2026-03-27T16:39:50.160Z  INFO 1 --- [config-server] [foReplicator-%d] com.netflix.discovery.DiscoveryClient    : DiscoveryClient_CONFIG-SERVER/d84f0db224bb:config-server:8888: registering service...
founderlink-config-server         | 2026-03-27T16:39:50.179Z  INFO 1 --- [config-server] [           main] o.s.boot.tomcat.TomcatWebServer          : Tomcat started on port 8888 (http) with context path '/'
founderlink-config-server         | 2026-03-27T16:39:50.180Z  INFO 1 --- [config-server] [           main] .s.c.n.e.s.EurekaAutoServiceRegistration : Updating port to 8888
founderlink-config-server         | 2026-03-27T16:39:50.198Z  INFO 1 --- [config-server] [           main] c.f.c.ConfigServerApplication            : Started ConfigServerApplication in 6.281 seconds (process running for 7.07)
founderlink-config-server         | 2026-03-27T16:39:50.365Z  INFO 1 --- [config-server] [foReplicator-%d] com.netflix.discovery.DiscoveryClient    : DiscoveryClient_CONFIG-SERVER/d84f0db224bb:config-server:8888 - registration status: 204
founderlink-config-server         | 2026-03-27T16:39:53.291Z  INFO 1 --- [config-server] [nio-8888-exec-1] o.a.c.c.C.[Tomcat].[localhost].[/]       : Initializing Spring DispatcherServlet 'dispatcherServlet'
founderlink-config-server         | 2026-03-27T16:39:53.292Z  INFO 1 --- [config-server] [nio-8888-exec-1] o.s.web.servlet.DispatcherServlet        : Initializing Servlet 'dispatcherServlet'
founderlink-config-server         | 2026-03-27T16:39:53.293Z  INFO 1 --- [config-server] [nio-8888-exec-1] o.s.web.servlet.DispatcherServlet        : Completed initialization in 1 ms
founderlink-config-server         | 2026-03-27T16:40:20.148Z  INFO 1 --- [config-server] [nio-8888-exec-7] o.s.c.c.s.e.NativeEnvironmentRepository  : Adding property source: Config resource 'file [/tmp/config-repo-8271535918126537454/user-service.yml]' via location 'file:/tmp/config-repo-8271535918126537454/'
founderlink-config-server         | 2026-03-27T16:40:20.152Z  INFO 1 --- [config-server] [reshExecutor-%d] com.netflix.discovery.DiscoveryClient    : Disable delta property : false
founderlink-config-server         | 2026-03-27T16:40:20.152Z  INFO 1 --- [config-server] [reshExecutor-%d] com.netflix.discovery.DiscoveryClient    : Single vip registry refresh property : null
founderlink-eureka-server         |   .   ____          _            __ _ _
founderlink-mongo                 | {"t":{"$date":"2026-03-27T16:39:27.965+00:00"},"s":"I",  "c":"WTRECOV",  "id":22430,   "ctx":"initandlisten","msg":"WiredTiger message","attr":{"message":{"ts_sec":1774629567,"ts_usec":965002,"thread":"1:0x713003d8bcc0","session_name":"txn-recover","category":"WT_VERB_RECOVERY_PROGRESS","category_id":30,"verbose_level":"DEBUG","verbose_level_id":1,"msg":"Recovering log 5 through 5"}}}
founderlink-messaging-service     | 2026-03-27T16:48:03.508Z 2026-03-27 16:48:03 [main] INFO  c.f.m.MessagingServiceApplication - [,] - The following 1 profile is active: "docker"
founderlink-messaging-service     |  1 --- [messaging-service] [           main] c.f.m.MessagingServiceApplication        : The following 1 profile is active: "docker"
founderlink-zipkin                | WARNING: sun.misc.Unsafe::arrayBaseOffset has been called by com.linecorp.armeria.internal.shaded.jctools.maps.NonBlockingHashMap (file:/zipkin/BOOT-INF/lib/armeria-1.37.0.jar)
founderlink-zipkin                | WARNING: Please consider reporting this to the maintainers of class com.linecorp.armeria.internal.shaded.jctools.maps.NonBlockingHashMap
founderlink-zipkin                | WARNING: sun.misc.Unsafe::arrayBaseOffset will be removed in a future release
founderlink-zipkin                | WARNING: A restricted method in java.lang.System has been called
founderlink-zipkin                | WARNING: java.lang.System::loadLibrary has been called by io.netty.util.internal.NativeLibraryUtil in an unnamed module (file:/zipkin/BOOT-INF/lib/netty-common-4.2.10.Final.jar)
founderlink-zipkin                | WARNING: Use --enable-native-access=ALL-UNNAMED to avoid a warning for callers in this module
founderlink-zipkin                | WARNING: Restricted methods will be blocked in a future release unless native access is enabled
founderlink-zipkin                | 
founderlink-zipkin                | 2026-03-27T16:39:34.941Z  WARN [/] 1 --- [           main] i.m.p.PrometheusMeterRegistry            : A MeterFilter is being configured after a Meter has been registered to this registry. All MeterFilters should be configured before any Meters are registered. If that is not possible or you have a use case where it should be allowed, let the Micrometer maintainers know at https://github.com/micrometer-metrics/micrometer/issues/4920. Enable DEBUG level logging on this logger to see a stack trace of the call configuring this MeterFilter.
founderlink-zipkin                | 2026-03-27T16:39:35.842Z  INFO [/] 1 --- [oss-http-*:9411] c.l.a.s.Server                           : Serving HTTP at /[0:0:0:0:0:0:0:0]:9411 - http://127.0.0.1:9411/
founderlink-startup-service       |  /\\ / ___'_ __ _ _(_)_ __  __ _ \ \ \ \
founderlink-auth-service          |  1 --- [auth-service] [           main] .s.d.r.c.RepositoryConfigurationDelegate : Finished Spring Data repository scanning in 530 ms. Found 2 JPA repository interfaces.
founderlink-user-service          |  1 --- [user-service] [           main] c.f.userservice.UserServiceApplication   : The following 1 profile is active: "docker"
founderlink-team-service          |  :: Spring Boot ::                (v4.0.4)
founderlink-user-service          | 2026-03-27T16:48:02.467Z 2026-03-27 16:48:02 [main] INFO  o.s.c.c.c.ConfigServerConfigDataLoader - [,] - Fetching config from server at : http://config-server:8888
founderlink-team-service          | 
founderlink-user-service          |  1 --- [user-service] [           main] o.s.c.c.c.ConfigServerConfigDataLoader   : Fetching config from server at : http://config-server:8888
founderlink-user-service          | 2026-03-27T16:48:02.467Z 2026-03-27 16:48:02 [main] INFO  o.s.c.c.c.ConfigServerConfigDataLoader - [,] - Located environment: name=application, profiles=[default], label=null, version=698c31ecbbf98483b87a5ae50e6521e19cce7493, state=
founderlink-user-service          |  1 --- [user-service] [           main] o.s.c.c.c.ConfigServerConfigDataLoader   : Located environment: name=application, profiles=[default], label=null, version=698c31ecbbf98483b87a5ae50e6521e19cce7493, state=
founderlink-user-service          | 2026-03-27T16:48:02.482Z 2026-03-27 16:48:02 [main] INFO  o.s.c.c.c.ConfigServerConfigDataLoader - [,] - Fetching config from server at : http://config-server:8888
founderlink-user-service          |  1 --- [user-service] [           main] o.s.c.c.c.ConfigServerConfigDataLoader   : Fetching config from server at : http://config-server:8888
founderlink-user-service          | 2026-03-27T16:48:02.483Z 2026-03-27 16:48:02 [main] INFO  o.s.c.c.c.ConfigServerConfigDataLoader - [,] - Located environment: name=user-service, profiles=[default], label=null, version=698c31ecbbf98483b87a5ae50e6521e19cce7493, state=
founderlink-user-service          |  1 --- [user-service] [           main] o.s.c.c.c.ConfigServerConfigDataLoader   : Located environment: name=user-service, profiles=[default], label=null, version=698c31ecbbf98483b87a5ae50e6521e19cce7493, state=
founderlink-user-service          | 2026-03-27T16:48:02.486Z 2026-03-27 16:48:02 [main] INFO  o.s.c.c.c.ConfigServerConfigDataLoader - [,] - Fetching config from server at : http://config-server:8888
founderlink-user-service          |  1 --- [user-service] [           main] o.s.c.c.c.ConfigServerConfigDataLoader   : Fetching config from server at : http://config-server:8888
founderlink-user-service          | 2026-03-27T16:48:02.489Z 2026-03-27 16:48:02 [main] INFO  o.s.c.c.c.ConfigServerConfigDataLoader - [,] - Located environment: name=user-service, profiles=[docker], label=null, version=698c31ecbbf98483b87a5ae50e6521e19cce7493, state=
founderlink-user-service          |  1 --- [user-service] [           main] o.s.c.c.c.ConfigServerConfigDataLoader   : Located environment: name=user-service, profiles=[docker], label=null, version=698c31ecbbf98483b87a5ae50e6521e19cce7493, state=
founderlink-user-service          | 2026-03-27T16:48:02.491Z 2026-03-27 16:48:02 [main] INFO  o.s.c.c.c.ConfigServerConfigDataLoader - [,] - Fetching config from server at : http://config-server:8888
founderlink-user-service          |  1 --- [user-service] [           main] o.s.c.c.c.ConfigServerConfigDataLoader   : Fetching config from server at : http://config-server:8888
founderlink-user-service          | 2026-03-27T16:48:02.492Z 2026-03-27 16:48:02 [main] INFO  o.s.c.c.c.ConfigServerConfigDataLoader - [,] - Located environment: name=user-service, profiles=[default], label=null, version=698c31ecbbf98483b87a5ae50e6521e19cce7493, state=
founderlink-mongo                 | {"t":{"$date":"2026-03-27T16:39:28.103+00:00"},"s":"I",  "c":"WTRECOV",  "id":22430,   "ctx":"initandlisten","msg":"WiredTiger message","attr":{"message":{"ts_sec":1774629568,"ts_usec":103366,"thread":"1:0x713003d8bcc0","session_name":"txn-recover","category":"WT_VERB_RECOVERY_PROGRESS","category_id":30,"verbose_level":"DEBUG","verbose_level_id":1,"msg":"recovery log replay has successfully finished and ran for 663 milliseconds"}}}
founderlink-startup-service       | ( ( )\___ | '_ | '_| | '_ \/ _` | \ \ \ \
founderlink-mongo                 | {"t":{"$date":"2026-03-27T16:39:28.103+00:00"},"s":"I",  "c":"WTRECOV",  "id":22430,   "ctx":"initandlisten","msg":"WiredTiger message","attr":{"message":{"ts_sec":1774629568,"ts_usec":103588,"thread":"1:0x713003d8bcc0","session_name":"txn-recover","category":"WT_VERB_RECOVERY_PROGRESS","category_id":30,"verbose_level":"DEBUG","verbose_level_id":1,"msg":"Set global recovery timestamp: (0, 0)"}}}
founderlink-mongo                 | {"t":{"$date":"2026-03-27T16:39:28.103+00:00"},"s":"I",  "c":"WTRECOV",  "id":22430,   "ctx":"initandlisten","msg":"WiredTiger message","attr":{"message":{"ts_sec":1774629568,"ts_usec":103634,"thread":"1:0x713003d8bcc0","session_name":"txn-recover","category":"WT_VERB_RECOVERY_PROGRESS","category_id":30,"verbose_level":"DEBUG","verbose_level_id":1,"msg":"Set global oldest timestamp: (0, 0)"}}}
founderlink-mongo                 | {"t":{"$date":"2026-03-27T16:39:28.105+00:00"},"s":"I",  "c":"WTRECOV",  "id":22430,   "ctx":"initandlisten","msg":"WiredTiger message","attr":{"message":{"ts_sec":1774629568,"ts_usec":105046,"thread":"1:0x713003d8bcc0","session_name":"txn-recover","category":"WT_VERB_RECOVERY_PROGRESS","category_id":30,"verbose_level":"DEBUG","verbose_level_id":1,"msg":"recovery rollback to stable has successfully finished and ran for 1 milliseconds"}}}
founderlink-mongo                 | {"t":{"$date":"2026-03-27T16:39:28.114+00:00"},"s":"I",  "c":"WTCHKPT",  "id":22430,   "ctx":"initandlisten","msg":"WiredTiger message","attr":{"message":{"ts_sec":1774629568,"ts_usec":114303,"thread":"1:0x713003d8bcc0","session_name":"WT_SESSION.checkpoint","category":"WT_VERB_CHECKPOINT_PROGRESS","category_id":6,"verbose_level":"DEBUG","verbose_level_id":1,"msg":"saving checkpoint snapshot min: 1, snapshot max: 1 snapshot count: 0, oldest timestamp: (0, 0) , meta checkpoint timestamp: (0, 0) base write gen: 2431"}}}
founderlink-mongo                 | {"t":{"$date":"2026-03-27T16:39:28.139+00:00"},"s":"I",  "c":"WTRECOV",  "id":22430,   "ctx":"initandlisten","msg":"WiredTiger message","attr":{"message":{"ts_sec":1774629568,"ts_usec":139428,"thread":"1:0x713003d8bcc0","session_name":"txn-recover","category":"WT_VERB_RECOVERY_PROGRESS","category_id":30,"verbose_level":"DEBUG","verbose_level_id":1,"msg":"recovery checkpoint has successfully finished and ran for 33 milliseconds"}}}
founderlink-mongo                 | {"t":{"$date":"2026-03-27T16:39:28.139+00:00"},"s":"I",  "c":"WTRECOV",  "id":22430,   "ctx":"initandlisten","msg":"WiredTiger message","attr":{"message":{"ts_sec":1774629568,"ts_usec":139736,"thread":"1:0x713003d8bcc0","session_name":"txn-recover","category":"WT_VERB_RECOVERY_PROGRESS","category_id":30,"verbose_level":"DEBUG","verbose_level_id":1,"msg":"recovery was completed successfully and took 700ms, including 663ms for the log replay, 1ms for the rollback to stable, and 33ms for the checkpoint."}}}
founderlink-messaging-service     | 2026-03-27T16:48:03.728Z 2026-03-27 16:48:03 [main] INFO  o.s.c.c.c.ConfigServerConfigDataLoader - [,] - Fetching config from server at : http://config-server:8888
founderlink-messaging-service     |  1 --- [messaging-service] [           main] o.s.c.c.c.ConfigServerConfigDataLoader   : Fetching config from server at : http://config-server:8888
founderlink-rabbitmq              | 2026-03-27 16:39:32.762607+00:00 [info] <0.254.0>  Licensed under the MPL 2.0. Website: https://rabbitmq.com[0m
founderlink-messaging-service     | 2026-03-27T16:48:03.729Z 2026-03-27 16:48:03 [main] INFO  o.s.c.c.c.ConfigServerConfigDataLoader - [,] - Located environment: name=application, profiles=[default], label=null, version=698c31ecbbf98483b87a5ae50e6521e19cce7493, state=
founderlink-startup-service       |  \\/  ___)| |_)| | | | | || (_| |  ) ) ) )
founderlink-messaging-service     |  1 --- [messaging-service] [           main] o.s.c.c.c.ConfigServerConfigDataLoader   : Located environment: name=application, profiles=[default], label=null, version=698c31ecbbf98483b87a5ae50e6521e19cce7493, state=
founderlink-startup-service       |   '  |____| .__|_| |_|_| |_\__, | / / / /
founderlink-team-service          | 2026-03-27T16:48:09.597Z 2026-03-27 16:48:09 [main] INFO  c.f.t.TeamServiceApplication - [,] - Starting TeamServiceApplication v0.0.1-SNAPSHOT using Java 17.0.18 with PID 1 (/app/app.jar started by root in /app)
founderlink-startup-service       |  =========|_|==============|___/=/_/_/_/
founderlink-team-service          |  1 --- [team-service] [           main] c.f.teamservice.TeamServiceApplication   : Starting TeamServiceApplication v0.0.1-SNAPSHOT using Java 17.0.18 with PID 1 (/app/app.jar started by root in /app)
founderlink-config-server         | 2026-03-27T16:40:20.152Z  INFO 1 --- [config-server] [reshExecutor-%d] com.netflix.discovery.DiscoveryClient    : Force full registry fetch : false
founderlink-team-service          | 2026-03-27T16:48:09.629Z 2026-03-27 16:48:09 [main] INFO  c.f.t.TeamServiceApplication - [,] - The following 1 profile is active: "docker"
founderlink-config-server         | 2026-03-27T16:40:20.152Z  INFO 1 --- [config-server] [reshExecutor-%d] com.netflix.discovery.DiscoveryClient    : Application is null : false
founderlink-team-service          |  1 --- [team-service] [           main] c.f.teamservice.TeamServiceApplication   : The following 1 profile is active: "docker"
founderlink-config-server         | 2026-03-27T16:40:20.152Z  INFO 1 --- [config-server] [reshExecutor-%d] com.netflix.discovery.DiscoveryClient    : Registered Applications size is zero : true
founderlink-team-service          | 2026-03-27T16:48:09.853Z 2026-03-27 16:48:09 [main] INFO  o.s.c.c.c.ConfigServerConfigDataLoader - [,] - Fetching config from server at : http://config-server:8888
founderlink-config-server         | 2026-03-27T16:40:20.152Z  INFO 1 --- [config-server] [reshExecutor-%d] com.netflix.discovery.DiscoveryClient    : Application version is -1: false
founderlink-team-service          |  1 --- [team-service] [           main] o.s.c.c.c.ConfigServerConfigDataLoader   : Fetching config from server at : http://config-server:8888
founderlink-config-server         | 2026-03-27T16:40:20.152Z  INFO 1 --- [config-server] [reshExecutor-%d] com.netflix.discovery.DiscoveryClient    : Getting all instance registry info from the eureka server
founderlink-team-service          | 2026-03-27T16:48:09.855Z 2026-03-27 16:48:09 [main] INFO  o.s.c.c.c.ConfigServerConfigDataLoader - [,] - Located environment: name=application, profiles=[default], label=null, version=698c31ecbbf98483b87a5ae50e6521e19cce7493, state=
founderlink-config-server         | 2026-03-27T16:40:20.171Z  INFO 1 --- [config-server] [reshExecutor-%d] com.netflix.discovery.DiscoveryClient    : The response status is 200
founderlink-mongo                 | {"t":{"$date":"2026-03-27T16:39:28.144+00:00"},"s":"I",  "c":"STORAGE",  "id":4795906, "ctx":"initandlisten","msg":"WiredTiger opened","attr":{"durationMillis":862}}
founderlink-config-server         | 2026-03-27T16:40:20.999Z  INFO 1 --- [config-server] [nio-8888-exec-3] o.s.c.c.s.e.NativeEnvironmentRepository  : Adding property source: Config resource 'file [/tmp/config-repo-8271535918126537454/startup-service.yml]' via location 'file:/tmp/config-repo-8271535918126537454/'
founderlink-mongo                 | {"t":{"$date":"2026-03-27T16:39:28.144+00:00"},"s":"I",  "c":"RECOVERY", "id":23987,   "ctx":"initandlisten","msg":"WiredTiger recoveryTimestamp","attr":{"recoveryTimestamp":{"$timestamp":{"t":0,"i":0}}}}
founderlink-config-server         | 2026-03-27T16:40:21.910Z  INFO 1 --- [config-server] [nio-8888-exec-2] o.s.c.c.s.e.NativeEnvironmentRepository  : Adding property source: Config resource 'file [/tmp/config-repo-8271535918126537454/notification-service.yml]' via location 'file:/tmp/config-repo-8271535918126537454/'
founderlink-mongo                 | {"t":{"$date":"2026-03-27T16:39:28.167+00:00"},"s":"W",  "c":"CONTROL",  "id":22120,   "ctx":"initandlisten","msg":"Access control is not enabled for the database. Read and write access to data and configuration is unrestricted","tags":["startupWarnings"]}
founderlink-config-server         | 2026-03-27T16:40:27.494Z  INFO 1 --- [config-server] [nio-8888-exec-1] o.s.c.c.s.e.NativeEnvironmentRepository  : Adding property source: Config resource 'file [/tmp/config-repo-8271535918126537454/team-service.yml]' via location 'file:/tmp/config-repo-8271535918126537454/'
founderlink-mongo                 | {"t":{"$date":"2026-03-27T16:39:28.168+00:00"},"s":"W",  "c":"CONTROL",  "id":22184,   "ctx":"initandlisten","msg":"Soft rlimits for open file descriptors too low","attr":{"currentValue":1024,"recommendedMinimum":64000},"tags":["startupWarnings"]}
founderlink-config-server         | 2026-03-27T16:40:28.393Z  INFO 1 --- [config-server] [nio-8888-exec-2] o.s.c.c.s.e.NativeEnvironmentRepository  : Adding property source: Config resource 'file [/tmp/config-repo-8271535918126537454/messaging-service.yml]' via location 'file:/tmp/config-repo-8271535918126537454/'
founderlink-mongo                 | {"t":{"$date":"2026-03-27T16:39:28.173+00:00"},"s":"I",  "c":"NETWORK",  "id":4915702, "ctx":"initandlisten","msg":"Updated wire specification","attr":{"oldSpec":{"incomingExternalClient":{"minWireVersion":0,"maxWireVersion":17},"incomingInternalClient":{"minWireVersion":0,"maxWireVersion":17},"outgoing":{"minWireVersion":6,"maxWireVersion":17},"isInternalClient":true},"newSpec":{"incomingExternalClient":{"minWireVersion":0,"maxWireVersion":17},"incomingInternalClient":{"minWireVersion":17,"maxWireVersion":17},"outgoing":{"minWireVersion":17,"maxWireVersion":17},"isInternalClient":true}}}
founderlink-auth-service          | 2026-03-27T16:48:07.677Z 2026-03-27 16:48:07 [main] INFO  o.s.cloud.context.scope.GenericScope - [,] - BeanFactory id=4d3b2680-3552-3ef1-b99e-55d88850cdd8
founderlink-mongo                 | {"t":{"$date":"2026-03-27T16:39:28.173+00:00"},"s":"I",  "c":"REPL",     "id":5853300, "ctx":"initandlisten","msg":"current featureCompatibilityVersion value","attr":{"featureCompatibilityVersion":"6.0","context":"startup"}}
founderlink-auth-service          |  1 --- [auth-service] [           main] o.s.cloud.context.scope.GenericScope     : BeanFactory id=4d3b2680-3552-3ef1-b99e-55d88850cdd8
founderlink-mongo                 | {"t":{"$date":"2026-03-27T16:39:28.174+00:00"},"s":"I",  "c":"STORAGE",  "id":5071100, "ctx":"initandlisten","msg":"Clearing temp directory"}
founderlink-auth-service          | 2026-03-27T16:48:11.698Z 2026-03-27 16:48:11 [main] INFO  o.s.boot.tomcat.TomcatWebServer - [,] - Tomcat initialized with port 8081 (http)
founderlink-mongo                 | {"t":{"$date":"2026-03-27T16:39:28.176+00:00"},"s":"I",  "c":"CONTROL",  "id":20536,   "ctx":"initandlisten","msg":"Flow Control is enabled on this deployment"}
founderlink-mongo                 | {"t":{"$date":"2026-03-27T16:39:28.177+00:00"},"s":"I",  "c":"FTDC",     "id":20625,   "ctx":"initandlisten","msg":"Initializing full-time diagnostic data capture","attr":{"dataDirectory":"/data/db/diagnostic.data"}}
founderlink-mongo                 | {"t":{"$date":"2026-03-27T16:39:28.183+00:00"},"s":"I",  "c":"REPL",     "id":6015317, "ctx":"initandlisten","msg":"Setting new configuration state","attr":{"newState":"ConfigReplicationDisabled","oldState":"ConfigPreStart"}}
founderlink-mongo                 | {"t":{"$date":"2026-03-27T16:39:28.183+00:00"},"s":"I",  "c":"STORAGE",  "id":22262,   "ctx":"initandlisten","msg":"Timestamp monitor starting"}
founderlink-mongo                 | {"t":{"$date":"2026-03-27T16:39:28.185+00:00"},"s":"I",  "c":"NETWORK",  "id":23015,   "ctx":"listener","msg":"Listening on","attr":{"address":"/tmp/mongodb-27017.sock"}}
founderlink-mongo                 | {"t":{"$date":"2026-03-27T16:39:28.185+00:00"},"s":"I",  "c":"NETWORK",  "id":23015,   "ctx":"listener","msg":"Listening on","attr":{"address":"0.0.0.0"}}
founderlink-mongo                 | {"t":{"$date":"2026-03-27T16:39:28.185+00:00"},"s":"I",  "c":"NETWORK",  "id":23016,   "ctx":"listener","msg":"Waiting for connections","attr":{"port":27017,"ssl":"off"}}
founderlink-mongo                 | {"t":{"$date":"2026-03-27T16:39:28.185+00:00"},"s":"I",  "c":"CONTROL",  "id":8423403, "ctx":"initandlisten","msg":"mongod startup complete","attr":{"Summary of time elapsed":{"Startup from clean shutdown?":true,"Statistics":{"Transport layer setup":"9 ms","Run initial syncer crash recovery":"0 ms","Create storage engine lock file in the data directory":"0 ms","Create storage engine lock file in the data directory":"0 ms","Get metadata describing storage engine":"0 ms","Get metadata describing storage engine":"0 ms","Validate options in metadata against current startup options":"0 ms","Validate options in metadata against current startup options":"0 ms","Create storage engine":"0 ms","Create storage engine":"863 ms","Write current PID to file":"0 ms","Write current PID to file":"22 ms","Initialize FCV before rebuilding indexes":"0 ms","Initialize FCV before rebuilding indexes":"4 ms","Drop abandoned idents and get back indexes that need to be rebuilt or builds that need to be restarted":"0 ms","Drop abandoned idents and get back indexes that need to be rebuilt or builds that need to be restarted":"0 ms","Rebuild indexes for collections":"0 ms","Rebuild indexes for collections":"0 ms","Build user and roles graph":"0 ms","Set up the background thread pool responsible for waiting for opTimes to be majority committed":"0 ms","Start up the replication coordinator":"4 ms","Start transport layer":"0 ms","_initAndListen total elapsed time":"918 ms"}}}}
founderlink-mongo                 | {"t":{"$date":"2026-03-27T16:40:28.170+00:00"},"s":"I",  "c":"WTCHKPT",  "id":22430,   "ctx":"Checkpointer","msg":"WiredTiger message","attr":{"message":{"ts_sec":1774629628,"ts_usec":170757,"thread":"1:0x712ffbd7a640","session_name":"WT_SESSION.checkpoint","category":"WT_VERB_CHECKPOINT_PROGRESS","category_id":6,"verbose_level":"DEBUG","verbose_level_id":1,"msg":"saving checkpoint snapshot min: 3, snapshot max: 3 snapshot count: 0, oldest timestamp: (0, 0) , meta checkpoint timestamp: (0, 0) base write gen: 2431"}}}
founderlink-mongo                 | {"t":{"$date":"2026-03-27T16:41:28.220+00:00"},"s":"I",  "c":"WTCHKPT",  "id":22430,   "ctx":"Checkpointer","msg":"WiredTiger message","attr":{"message":{"ts_sec":1774629688,"ts_usec":220015,"thread":"1:0x712ffbd7a640","session_name":"WT_SESSION.checkpoint","category":"WT_VERB_CHECKPOINT_PROGRESS","category_id":6,"verbose_level":"DEBUG","verbose_level_id":1,"msg":"saving checkpoint snapshot min: 6, snapshot max: 6 snapshot count: 0, oldest timestamp: (0, 0) , meta checkpoint timestamp: (0, 0) base write gen: 2431"}}}
founderlink-mongo                 | {"t":{"$date":"2026-03-27T16:42:28.253+00:00"},"s":"I",  "c":"WTCHKPT",  "id":22430,   "ctx":"Checkpointer","msg":"WiredTiger message","attr":{"message":{"ts_sec":1774629748,"ts_usec":253889,"thread":"1:0x712ffbd7a640","session_name":"WT_SESSION.checkpoint","category":"WT_VERB_CHECKPOINT_PROGRESS","category_id":6,"verbose_level":"DEBUG","verbose_level_id":1,"msg":"saving checkpoint snapshot min: 8, snapshot max: 8 snapshot count: 0, oldest timestamp: (0, 0) , meta checkpoint timestamp: (0, 0) base write gen: 2431"}}}
founderlink-mongo                 | {"t":{"$date":"2026-03-27T16:43:28.278+00:00"},"s":"I",  "c":"WTCHKPT",  "id":22430,   "ctx":"Checkpointer","msg":"WiredTiger message","attr":{"message":{"ts_sec":1774629808,"ts_usec":278067,"thread":"1:0x712ffbd7a640","session_name":"WT_SESSION.checkpoint","category":"WT_VERB_CHECKPOINT_PROGRESS","category_id":6,"verbose_level":"DEBUG","verbose_level_id":1,"msg":"saving checkpoint snapshot min: 10, snapshot max: 10 snapshot count: 0, oldest timestamp: (0, 0) , meta checkpoint timestamp: (0, 0) base write gen: 2431"}}}
founderlink-mongo                 | {"t":{"$date":"2026-03-27T16:44:28.303+00:00"},"s":"I",  "c":"WTCHKPT",  "id":22430,   "ctx":"Checkpointer","msg":"WiredTiger message","attr":{"message":{"ts_sec":1774629868,"ts_usec":303081,"thread":"1:0x712ffbd7a640","session_name":"WT_SESSION.checkpoint","category":"WT_VERB_CHECKPOINT_PROGRESS","category_id":6,"verbose_level":"DEBUG","verbose_level_id":1,"msg":"saving checkpoint snapshot min: 12, snapshot max: 12 snapshot count: 0, oldest timestamp: (0, 0) , meta checkpoint timestamp: (0, 0) base write gen: 2431"}}}
founderlink-mongo                 | {"t":{"$date":"2026-03-27T16:45:28.332+00:00"},"s":"I",  "c":"WTCHKPT",  "id":22430,   "ctx":"Checkpointer","msg":"WiredTiger message","attr":{"message":{"ts_sec":1774629928,"ts_usec":332224,"thread":"1:0x712ffbd7a640","session_name":"WT_SESSION.checkpoint","category":"WT_VERB_CHECKPOINT_PROGRESS","category_id":6,"verbose_level":"DEBUG","verbose_level_id":1,"msg":"saving checkpoint snapshot min: 14, snapshot max: 14 snapshot count: 0, oldest timestamp: (0, 0) , meta checkpoint timestamp: (0, 0) base write gen: 2431"}}}
founderlink-mongo                 | {"t":{"$date":"2026-03-27T16:46:28.359+00:00"},"s":"I",  "c":"WTCHKPT",  "id":22430,   "ctx":"Checkpointer","msg":"WiredTiger message","attr":{"message":{"ts_sec":1774629988,"ts_usec":359911,"thread":"1:0x712ffbd7a640","session_name":"WT_SESSION.checkpoint","category":"WT_VERB_CHECKPOINT_PROGRESS","category_id":6,"verbose_level":"DEBUG","verbose_level_id":1,"msg":"saving checkpoint snapshot min: 16, snapshot max: 16 snapshot count: 0, oldest timestamp: (0, 0) , meta checkpoint timestamp: (0, 0) base write gen: 2431"}}}
founderlink-mongo                 | {"t":{"$date":"2026-03-27T16:47:28.385+00:00"},"s":"I",  "c":"WTCHKPT",  "id":22430,   "ctx":"Checkpointer","msg":"WiredTiger message","attr":{"message":{"ts_sec":1774630048,"ts_usec":385713,"thread":"1:0x712ffbd7a640","session_name":"WT_SESSION.checkpoint","category":"WT_VERB_CHECKPOINT_PROGRESS","category_id":6,"verbose_level":"DEBUG","verbose_level_id":1,"msg":"saving checkpoint snapshot min: 18, snapshot max: 18 snapshot count: 0, oldest timestamp: (0, 0) , meta checkpoint timestamp: (0, 0) base write gen: 2431"}}}
founderlink-mongo                 | {"t":{"$date":"2026-03-27T16:48:28.413+00:00"},"s":"I",  "c":"WTCHKPT",  "id":22430,   "ctx":"Checkpointer","msg":"WiredTiger message","attr":{"message":{"ts_sec":1774630108,"ts_usec":413667,"thread":"1:0x712ffbd7a640","session_name":"WT_SESSION.checkpoint","category":"WT_VERB_CHECKPOINT_PROGRESS","category_id":6,"verbose_level":"DEBUG","verbose_level_id":1,"msg":"saving checkpoint snapshot min: 20, snapshot max: 20 snapshot count: 0, oldest timestamp: (0, 0) , meta checkpoint timestamp: (0, 0) base write gen: 2431"}}}
founderlink-mongo                 | {"t":{"$date":"2026-03-27T16:49:28.440+00:00"},"s":"I",  "c":"WTCHKPT",  "id":22430,   "ctx":"Checkpointer","msg":"WiredTiger message","attr":{"message":{"ts_sec":1774630168,"ts_usec":440207,"thread":"1:0x712ffbd7a640","session_name":"WT_SESSION.checkpoint","category":"WT_VERB_CHECKPOINT_PROGRESS","category_id":6,"verbose_level":"DEBUG","verbose_level_id":1,"msg":"saving checkpoint snapshot min: 22, snapshot max: 22 snapshot count: 0, oldest timestamp: (0, 0) , meta checkpoint timestamp: (0, 0) base write gen: 2431"}}}
founderlink-mongo                 | {"t":{"$date":"2026-03-27T16:50:28.464+00:00"},"s":"I",  "c":"WTCHKPT",  "id":22430,   "ctx":"Checkpointer","msg":"WiredTiger message","attr":{"message":{"ts_sec":1774630228,"ts_usec":464122,"thread":"1:0x712ffbd7a640","session_name":"WT_SESSION.checkpoint","category":"WT_VERB_CHECKPOINT_PROGRESS","category_id":6,"verbose_level":"DEBUG","verbose_level_id":1,"msg":"saving checkpoint snapshot min: 24, snapshot max: 24 snapshot count: 0, oldest timestamp: (0, 0) , meta checkpoint timestamp: (0, 0) base write gen: 2431"}}}
founderlink-eureka-server         |  /\\ / ___'_ __ _ _(_)_ __  __ _ \ \ \ \
founderlink-messaging-service     | 2026-03-27T16:48:03.793Z 2026-03-27 16:48:03 [main] INFO  o.s.c.c.c.ConfigServerConfigDataLoader - [,] - Fetching config from server at : http://config-server:8888
founderlink-auth-service          |  1 --- [auth-service] [           main] o.s.boot.tomcat.TomcatWebServer          : Tomcat initialized with port 8081 (http)
founderlink-messaging-service     |  1 --- [messaging-service] [           main] o.s.c.c.c.ConfigServerConfigDataLoader   : Fetching config from server at : http://config-server:8888
founderlink-auth-service          | 2026-03-27T16:48:11.821Z 2026-03-27 16:48:11 [main] INFO  o.a.catalina.core.StandardService - [,] - Starting service [Tomcat]
founderlink-user-service          |  1 --- [user-service] [           main] o.s.c.c.c.ConfigServerConfigDataLoader   : Located environment: name=user-service, profiles=[default], label=null, version=698c31ecbbf98483b87a5ae50e6521e19cce7493, state=
founderlink-rabbitmq              | 
founderlink-eureka-server         | ( ( )\___ | '_ | '_| | '_ \/ _` | \ \ \ \
founderlink-user-service          | 2026-03-27T16:48:02.494Z 2026-03-27 16:48:02 [main] INFO  o.s.c.c.c.ConfigServerConfigDataLoader - [,] - Fetching config from server at : http://config-server:8888
founderlink-api-gateway           |  1 --- [api-gateway] [           main] o.s.c.c.c.ConfigServerConfigDataLoader   : Located environment: name=application, profiles=[default], label=null, version=698c31ecbbf98483b87a5ae50e6521e19cce7493, state=
founderlink-user-service          |  1 --- [user-service] [           main] o.s.c.c.c.ConfigServerConfigDataLoader   : Fetching config from server at : http://config-server:8888
founderlink-user-service          | 2026-03-27T16:48:02.496Z 2026-03-27 16:48:02 [main] INFO  o.s.c.c.c.ConfigServerConfigDataLoader - [,] - Located environment: name=user-service, profiles=[docker], label=null, version=698c31ecbbf98483b87a5ae50e6521e19cce7493, state=
founderlink-user-service          |  1 --- [user-service] [           main] o.s.c.c.c.ConfigServerConfigDataLoader   : Located environment: name=user-service, profiles=[docker], label=null, version=698c31ecbbf98483b87a5ae50e6521e19cce7493, state=
founderlink-user-service          | 2026-03-27T16:48:07.475Z 2026-03-27 16:48:07 [main] INFO  o.s.d.r.c.RepositoryConfigurationDelegate - [,] - Bootstrapping Spring Data JPA repositories in DEFAULT mode.
founderlink-user-service          |  1 --- [user-service] [           main] .s.d.r.c.RepositoryConfigurationDelegate : Bootstrapping Spring Data JPA repositories in DEFAULT mode.
founderlink-user-service          | 2026-03-27T16:48:08.015Z 2026-03-27 16:48:08 [main] INFO  o.s.d.r.c.RepositoryConfigurationDelegate - [,] - Finished Spring Data repository scanning in 503 ms. Found 1 JPA repository interface.
founderlink-user-service          |  1 --- [user-service] [           main] .s.d.r.c.RepositoryConfigurationDelegate : Finished Spring Data repository scanning in 503 ms. Found 1 JPA repository interface.
founderlink-user-service          | 2026-03-27T16:48:11.308Z 2026-03-27 16:48:11 [main] INFO  o.s.cloud.context.scope.GenericScope - [,] - BeanFactory id=cdf01252-4b57-391d-b0b3-39905dbbf706
founderlink-user-service          |  1 --- [user-service] [           main] o.s.cloud.context.scope.GenericScope     : BeanFactory id=cdf01252-4b57-391d-b0b3-39905dbbf706
founderlink-user-service          | 2026-03-27T16:48:16.516Z 2026-03-27 16:48:16 [main] INFO  o.s.boot.tomcat.TomcatWebServer - [,] - Tomcat initialized with port 8082 (http)
founderlink-messaging-service     | 2026-03-27T16:48:03.793Z 2026-03-27 16:48:03 [main] INFO  o.s.c.c.c.ConfigServerConfigDataLoader - [,] - Located environment: name=messaging-service, profiles=[default], label=null, version=698c31ecbbf98483b87a5ae50e6521e19cce7493, state=
founderlink-user-service          |  1 --- [user-service] [           main] o.s.boot.tomcat.TomcatWebServer          : Tomcat initialized with port 8082 (http)
founderlink-user-service          | 2026-03-27T16:48:16.555Z 2026-03-27 16:48:16 [main] INFO  o.a.catalina.core.StandardService - [,] - Starting service [Tomcat]
founderlink-user-service          |  1 --- [user-service] [           main] o.apache.catalina.core.StandardService   : Starting service [Tomcat]
founderlink-user-service          | 2026-03-27T16:48:16.556Z 2026-03-27 16:48:16 [main] INFO  o.a.catalina.core.StandardEngine - [,] - Starting Servlet engine: [Apache Tomcat/11.0.18]
founderlink-user-service          |  1 --- [user-service] [           main] o.apache.catalina.core.StandardEngine    : Starting Servlet engine: [Apache Tomcat/11.0.18]
founderlink-user-service          | 2026-03-27T16:48:17.241Z 2026-03-27 16:48:17 [main] INFO  o.s.b.w.c.s.WebApplicationContextInitializer - [,] - Root WebApplicationContext: initialization completed in 14696 ms
founderlink-user-service          |  1 --- [user-service] [           main] b.w.c.s.WebApplicationContextInitializer : Root WebApplicationContext: initialization completed in 14696 ms
founderlink-user-service          | 2026-03-27T16:48:25.696Z 2026-03-27 16:48:25 [main] INFO  org.hibernate.orm.jpa - [,] - HHH008540: Processing PersistenceUnitInfo [name: default]
founderlink-user-service          |  1 --- [user-service] [           main] org.hibernate.orm.jpa                    : HHH008540: Processing PersistenceUnitInfo [name: default]
founderlink-user-service          | 2026-03-27T16:48:25.970Z 2026-03-27 16:48:25 [main] INFO  org.hibernate.orm.core - [,] - HHH000001: Hibernate ORM core version 7.2.7.Final
founderlink-user-service          |  1 --- [user-service] [           main] org.hibernate.orm.core                   : HHH000001: Hibernate ORM core version 7.2.7.Final
founderlink-user-service          | 2026-03-27T16:48:29.310Z 2026-03-27 16:48:29 [main] INFO  o.s.o.j.p.SpringPersistenceUnitInfo - [,] - No LoadTimeWeaver setup: ignoring JPA class transformer
founderlink-user-service          |  1 --- [user-service] [           main] o.s.o.j.p.SpringPersistenceUnitInfo      : No LoadTimeWeaver setup: ignoring JPA class transformer
founderlink-user-service          | 2026-03-27T16:48:29.395Z 2026-03-27 16:48:29 [main] INFO  com.zaxxer.hikari.HikariDataSource - [,] - HikariPool-1 - Starting...
founderlink-user-service          |  1 --- [user-service] [           main] com.zaxxer.hikari.HikariDataSource       : HikariPool-1 - Starting...
founderlink-user-service          | 2026-03-27T16:48:30.238Z 2026-03-27 16:48:30 [main] INFO  com.zaxxer.hikari.pool.HikariPool - [,] - HikariPool-1 - Added connection org.postgresql.jdbc.PgConnection@6b888692
founderlink-rabbitmq              |   ##  ##      RabbitMQ 3.13.7
founderlink-mongo                 | {"t":{"$date":"2026-03-27T16:51:28.495+00:00"},"s":"I",  "c":"WTCHKPT",  "id":22430,   "ctx":"Checkpointer","msg":"WiredTiger message","attr":{"message":{"ts_sec":1774630288,"ts_usec":494911,"thread":"1:0x712ffbd7a640","session_name":"WT_SESSION.checkpoint","category":"WT_VERB_CHECKPOINT_PROGRESS","category_id":6,"verbose_level":"DEBUG","verbose_level_id":1,"msg":"saving checkpoint snapshot min: 26, snapshot max: 26 snapshot count: 0, oldest timestamp: (0, 0) , meta checkpoint timestamp: (0, 0) base write gen: 2431"}}}
founderlink-rabbitmq              |   ##  ##
founderlink-rabbitmq              |   ##########  Copyright (c) 2007-2024 Broadcom Inc and/or its subsidiaries
founderlink-api-gateway           | 2026-03-27T16:48:17.907Z 2026-03-27 16:48:17 [main] INFO  o.s.c.c.c.ConfigServerConfigDataLoader - [,] - Fetching config from server at : http://config-server:8888
founderlink-api-gateway           |  1 --- [api-gateway] [           main] o.s.c.c.c.ConfigServerConfigDataLoader   : Fetching config from server at : http://config-server:8888
founderlink-api-gateway           | 2026-03-27T16:48:17.909Z 2026-03-27 16:48:17 [main] INFO  o.s.c.c.c.ConfigServerConfigDataLoader - [,] - Located environment: name=api-gateway, profiles=[default], label=null, version=698c31ecbbf98483b87a5ae50e6521e19cce7493, state=
founderlink-api-gateway           |  1 --- [api-gateway] [           main] o.s.c.c.c.ConfigServerConfigDataLoader   : Located environment: name=api-gateway, profiles=[default], label=null, version=698c31ecbbf98483b87a5ae50e6521e19cce7493, state=
founderlink-api-gateway           | 2026-03-27T16:48:17.915Z 2026-03-27 16:48:17 [main] INFO  o.s.c.c.c.ConfigServerConfigDataLoader - [,] - Fetching config from server at : http://config-server:8888
founderlink-api-gateway           |  1 --- [api-gateway] [           main] o.s.c.c.c.ConfigServerConfigDataLoader   : Fetching config from server at : http://config-server:8888
founderlink-api-gateway           | 2026-03-27T16:48:17.917Z 2026-03-27 16:48:17 [main] INFO  o.s.c.c.c.ConfigServerConfigDataLoader - [,] - Located environment: name=api-gateway, profiles=[docker], label=null, version=698c31ecbbf98483b87a5ae50e6521e19cce7493, state=
founderlink-startup-service       | 
founderlink-startup-service       |  :: Spring Boot ::                (v4.0.4)
founderlink-startup-service       | 
founderlink-startup-service       | 2026-03-27T16:47:56.090Z 2026-03-27 16:47:56 [main] INFO  c.f.s.StartupServiceApplication - [,] - Starting StartupServiceApplication v0.0.1-SNAPSHOT using Java 17.0.18 with PID 1 (/app/app.jar started by root in /app)
founderlink-startup-service       |  1 --- [startup-service] [           main] c.f.s.StartupServiceApplication          : Starting StartupServiceApplication v0.0.1-SNAPSHOT using Java 17.0.18 with PID 1 (/app/app.jar started by root in /app)
founderlink-startup-service       | 2026-03-27T16:47:56.096Z 2026-03-27 16:47:56 [main] INFO  c.f.s.StartupServiceApplication - [,] - The following 1 profile is active: "docker"
founderlink-startup-service       |  1 --- [startup-service] [           main] c.f.s.StartupServiceApplication          : The following 1 profile is active: "docker"
founderlink-startup-service       | 2026-03-27T16:47:56.173Z 2026-03-27 16:47:56 [main] INFO  o.s.c.c.c.ConfigServerConfigDataLoader - [,] - Fetching config from server at : http://config-server:8888
founderlink-startup-service       |  1 --- [startup-service] [           main] o.s.c.c.c.ConfigServerConfigDataLoader   : Fetching config from server at : http://config-server:8888
founderlink-startup-service       | 2026-03-27T16:47:56.174Z 2026-03-27 16:47:56 [main] INFO  o.s.c.c.c.ConfigServerConfigDataLoader - [,] - Located environment: name=application, profiles=[default], label=null, version=698c31ecbbf98483b87a5ae50e6521e19cce7493, state=
founderlink-startup-service       |  1 --- [startup-service] [           main] o.s.c.c.c.ConfigServerConfigDataLoader   : Located environment: name=application, profiles=[default], label=null, version=698c31ecbbf98483b87a5ae50e6521e19cce7493, state=
founderlink-startup-service       | 2026-03-27T16:47:56.176Z 2026-03-27 16:47:56 [main] INFO  o.s.c.c.c.ConfigServerConfigDataLoader - [,] - Fetching config from server at : http://config-server:8888
founderlink-startup-service       |  1 --- [startup-service] [           main] o.s.c.c.c.ConfigServerConfigDataLoader   : Fetching config from server at : http://config-server:8888
founderlink-startup-service       | 2026-03-27T16:47:56.177Z 2026-03-27 16:47:56 [main] INFO  o.s.c.c.c.ConfigServerConfigDataLoader - [,] - Located environment: name=startup-service, profiles=[default], label=null, version=698c31ecbbf98483b87a5ae50e6521e19cce7493, state=
founderlink-startup-service       |  1 --- [startup-service] [           main] o.s.c.c.c.ConfigServerConfigDataLoader   : Located environment: name=startup-service, profiles=[default], label=null, version=698c31ecbbf98483b87a5ae50e6521e19cce7493, state=
founderlink-user-service          |  1 --- [user-service] [           main] com.zaxxer.hikari.pool.HikariPool        : HikariPool-1 - Added connection org.postgresql.jdbc.PgConnection@6b888692
founderlink-auth-service          |  1 --- [auth-service] [           main] o.apache.catalina.core.StandardService   : Starting service [Tomcat]
founderlink-user-service          | 2026-03-27T16:48:30.246Z 2026-03-27 16:48:30 [main] INFO  com.zaxxer.hikari.HikariDataSource - [,] - HikariPool-1 - Start completed.
founderlink-auth-service          | 2026-03-27T16:48:11.826Z 2026-03-27 16:48:11 [main] INFO  o.a.catalina.core.StandardEngine - [,] - Starting Servlet engine: [Apache Tomcat/11.0.18]
founderlink-auth-service          |  1 --- [auth-service] [           main] o.apache.catalina.core.StandardEngine    : Starting Servlet engine: [Apache Tomcat/11.0.18]
founderlink-auth-service          | 2026-03-27T16:48:12.145Z 2026-03-27 16:48:12 [main] INFO  o.s.b.w.c.s.WebApplicationContextInitializer - [,] - Root WebApplicationContext: initialization completed in 11735 ms
founderlink-auth-service          |  1 --- [auth-service] [           main] b.w.c.s.WebApplicationContextInitializer : Root WebApplicationContext: initialization completed in 11735 ms
founderlink-auth-service          | 2026-03-27T16:48:16.510Z 2026-03-27 16:48:16 [main] INFO  org.hibernate.orm.jpa - [,] - HHH008540: Processing PersistenceUnitInfo [name: default]
founderlink-auth-service          |  1 --- [auth-service] [           main] org.hibernate.orm.jpa                    : HHH008540: Processing PersistenceUnitInfo [name: default]
founderlink-auth-service          | 2026-03-27T16:48:16.924Z 2026-03-27 16:48:16 [main] INFO  org.hibernate.orm.core - [,] - HHH000001: Hibernate ORM core version 7.2.7.Final
founderlink-auth-service          |  1 --- [auth-service] [           main] org.hibernate.orm.core                   : HHH000001: Hibernate ORM core version 7.2.7.Final
founderlink-auth-service          | 2026-03-27T16:48:19.924Z 2026-03-27 16:48:19 [main] INFO  o.s.o.j.p.SpringPersistenceUnitInfo - [,] - No LoadTimeWeaver setup: ignoring JPA class transformer
founderlink-auth-service          |  1 --- [auth-service] [           main] o.s.o.j.p.SpringPersistenceUnitInfo      : No LoadTimeWeaver setup: ignoring JPA class transformer
founderlink-auth-service          | 2026-03-27T16:48:20.020Z 2026-03-27 16:48:20 [main] INFO  com.zaxxer.hikari.HikariDataSource - [,] - HikariPool-1 - Starting...
founderlink-auth-service          |  1 --- [auth-service] [           main] com.zaxxer.hikari.HikariDataSource       : HikariPool-1 - Starting...
founderlink-auth-service          | 2026-03-27T16:48:21.247Z 2026-03-27 16:48:21 [main] INFO  com.zaxxer.hikari.pool.HikariPool - [,] - HikariPool-1 - Added connection org.postgresql.jdbc.PgConnection@7baf7e2c
founderlink-investment-service    | 2026-03-27T16:48:08.587Z 2026-03-27 16:48:08 [main] INFO  c.f.i.InvestmentServiceApplication - [,] - The following 1 profile is active: "docker"
founderlink-user-service          |  1 --- [user-service] [           main] com.zaxxer.hikari.HikariDataSource       : HikariPool-1 - Start completed.
founderlink-rabbitmq              |   ######  ##
founderlink-investment-service    |  1 --- [investment-service] [           main] c.f.i.InvestmentServiceApplication       : The following 1 profile is active: "docker"
founderlink-rabbitmq              |   ##########  Licensed under the MPL 2.0. Website: https://rabbitmq.com
founderlink-investment-service    | 2026-03-27T16:48:08.972Z 2026-03-27 16:48:08 [main] INFO  o.s.c.c.c.ConfigServerConfigDataLoader - [,] - Fetching config from server at : http://config-server:8888
founderlink-investment-service    |  1 --- [investment-service] [           main] o.s.c.c.c.ConfigServerConfigDataLoader   : Fetching config from server at : http://config-server:8888
founderlink-investment-service    | 2026-03-27T16:48:08.980Z 2026-03-27 16:48:08 [main] INFO  o.s.c.c.c.ConfigServerConfigDataLoader - [,] - Located environment: name=application, profiles=[default], label=null, version=698c31ecbbf98483b87a5ae50e6521e19cce7493, state=
founderlink-investment-service    |  1 --- [investment-service] [           main] o.s.c.c.c.ConfigServerConfigDataLoader   : Located environment: name=application, profiles=[default], label=null, version=698c31ecbbf98483b87a5ae50e6521e19cce7493, state=
founderlink-investment-service    | 2026-03-27T16:48:09.015Z 2026-03-27 16:48:09 [main] INFO  o.s.c.c.c.ConfigServerConfigDataLoader - [,] - Fetching config from server at : http://config-server:8888
founderlink-investment-service    |  1 --- [investment-service] [           main] o.s.c.c.c.ConfigServerConfigDataLoader   : Fetching config from server at : http://config-server:8888
founderlink-investment-service    | 2026-03-27T16:48:09.016Z 2026-03-27 16:48:09 [main] INFO  o.s.c.c.c.ConfigServerConfigDataLoader - [,] - Located environment: name=investment-service, profiles=[default], label=null, version=698c31ecbbf98483b87a5ae50e6521e19cce7493, state=
founderlink-investment-service    |  1 --- [investment-service] [           main] o.s.c.c.c.ConfigServerConfigDataLoader   : Located environment: name=investment-service, profiles=[default], label=null, version=698c31ecbbf98483b87a5ae50e6521e19cce7493, state=
founderlink-investment-service    | 2026-03-27T16:48:09.026Z 2026-03-27 16:48:09 [main] INFO  o.s.c.c.c.ConfigServerConfigDataLoader - [,] - Fetching config from server at : http://config-server:8888
founderlink-investment-service    |  1 --- [investment-service] [           main] o.s.c.c.c.ConfigServerConfigDataLoader   : Fetching config from server at : http://config-server:8888
founderlink-investment-service    | 2026-03-27T16:48:09.033Z 2026-03-27 16:48:09 [main] INFO  o.s.c.c.c.ConfigServerConfigDataLoader - [,] - Located environment: name=investment-service, profiles=[docker], label=null, version=698c31ecbbf98483b87a5ae50e6521e19cce7493, state=
founderlink-investment-service    |  1 --- [investment-service] [           main] o.s.c.c.c.ConfigServerConfigDataLoader   : Located environment: name=investment-service, profiles=[docker], label=null, version=698c31ecbbf98483b87a5ae50e6521e19cce7493, state=
founderlink-investment-service    | 2026-03-27T16:48:09.036Z 2026-03-27 16:48:09 [main] INFO  o.s.c.c.c.ConfigServerConfigDataLoader - [,] - Fetching config from server at : http://config-server:8888
founderlink-auth-service          |  1 --- [auth-service] [           main] com.zaxxer.hikari.pool.HikariPool        : HikariPool-1 - Added connection org.postgresql.jdbc.PgConnection@7baf7e2c
founderlink-notification-service  | 2026-03-27T16:48:17.927Z 2026-03-27 16:48:17 [main] INFO  o.s.c.c.c.ConfigServerConfigDataLoader - [,] - Located environment: name=notification-service, profiles=[docker], label=null, version=698c31ecbbf98483b87a5ae50e6521e19cce7493, state=
founderlink-auth-service          | 2026-03-27T16:48:21.263Z 2026-03-27 16:48:21 [main] INFO  com.zaxxer.hikari.HikariDataSource - [,] - HikariPool-1 - Start completed.
founderlink-notification-service  |  1 --- [notification-service] [           main] o.s.c.c.c.ConfigServerConfigDataLoader   : Located environment: name=notification-service, profiles=[docker], label=null, version=698c31ecbbf98483b87a5ae50e6521e19cce7493, state=
founderlink-config-server         | 2026-03-27T16:40:29.273Z  INFO 1 --- [config-server] [nio-8888-exec-3] o.s.c.c.s.e.NativeEnvironmentRepository  : Adding property source: Config resource 'file [/tmp/config-repo-8271535918126537454/investment-service.yml]' via location 'file:/tmp/config-repo-8271535918126537454/'
founderlink-notification-service  | 2026-03-27T16:48:30.099Z 2026-03-27 16:48:30 [main] INFO  o.s.cloud.context.scope.GenericScope - [,] - BeanFactory id=ff4ae51c-3447-3722-a5f1-a1f0d66f771d
founderlink-notification-service  |  1 --- [notification-service] [           main] o.s.cloud.context.scope.GenericScope     : BeanFactory id=ff4ae51c-3447-3722-a5f1-a1f0d66f771d
founderlink-notification-service  | 2026-03-27T16:48:33.062Z 2026-03-27 16:48:33 [main] INFO  o.s.boot.tomcat.TomcatWebServer - [,] - Tomcat initialized with port 8087 (http)
founderlink-notification-service  |  1 --- [notification-service] [           main] o.s.boot.tomcat.TomcatWebServer          : Tomcat initialized with port 8087 (http)
founderlink-notification-service  | 2026-03-27T16:48:33.211Z 2026-03-27 16:48:33 [main] INFO  o.a.catalina.core.StandardService - [,] - Starting service [Tomcat]
founderlink-notification-service  |  1 --- [notification-service] [           main] o.apache.catalina.core.StandardService   : Starting service [Tomcat]
founderlink-notification-service  | 2026-03-27T16:48:33.212Z 2026-03-27 16:48:33 [main] INFO  o.a.catalina.core.StandardEngine - [,] - Starting Servlet engine: [Apache Tomcat/11.0.18]
founderlink-notification-service  |  1 --- [notification-service] [           main] o.apache.catalina.core.StandardEngine    : Starting Servlet engine: [Apache Tomcat/11.0.18]
founderlink-notification-service  | 2026-03-27T16:48:33.458Z 2026-03-27 16:48:33 [main] INFO  o.s.b.w.c.s.WebApplicationContextInitializer - [,] - Root WebApplicationContext: initialization completed in 15514 ms
founderlink-notification-service  |  1 --- [notification-service] [           main] b.w.c.s.WebApplicationContextInitializer : Root WebApplicationContext: initialization completed in 15514 ms
founderlink-notification-service  | 2026-03-27T16:48:38.545Z 2026-03-27 16:48:38 [main] WARN  o.s.b.s.a.UserDetailsServiceAutoConfiguration - [,] - 
founderlink-user-service          | 2026-03-27T16:48:30.609Z 2026-03-27 16:48:30 [main] WARN  org.hibernate.orm.deprecation - [,] - HHH90000025: PostgreSQLDialect does not need to be specified explicitly using 'hibernate.dialect' (remove the property setting and it will be selected by default)
founderlink-rabbitmq              | 
founderlink-investment-service    |  1 --- [investment-service] [           main] o.s.c.c.c.ConfigServerConfigDataLoader   : Fetching config from server at : http://config-server:8888
founderlink-rabbitmq              |   Erlang:      26.2.5.16 [jit]
founderlink-investment-service    | 2026-03-27T16:48:09.040Z 2026-03-27 16:48:09 [main] INFO  o.s.c.c.c.ConfigServerConfigDataLoader - [,] - Located environment: name=investment-service, profiles=[default], label=null, version=698c31ecbbf98483b87a5ae50e6521e19cce7493, state=
founderlink-rabbitmq              |   TLS Library: OpenSSL - OpenSSL 3.1.8 11 Feb 2025
founderlink-investment-service    |  1 --- [investment-service] [           main] o.s.c.c.c.ConfigServerConfigDataLoader   : Located environment: name=investment-service, profiles=[default], label=null, version=698c31ecbbf98483b87a5ae50e6521e19cce7493, state=
founderlink-rabbitmq              |   Release series support status: see https://www.rabbitmq.com/release-information
founderlink-investment-service    | 2026-03-27T16:48:09.051Z 2026-03-27 16:48:09 [main] INFO  o.s.c.c.c.ConfigServerConfigDataLoader - [,] - Fetching config from server at : http://config-server:8888
founderlink-rabbitmq              | 
founderlink-investment-service    |  1 --- [investment-service] [           main] o.s.c.c.c.ConfigServerConfigDataLoader   : Fetching config from server at : http://config-server:8888
founderlink-rabbitmq              |   Doc guides:  https://www.rabbitmq.com/docs
founderlink-investment-service    | 2026-03-27T16:48:09.052Z 2026-03-27 16:48:09 [main] INFO  o.s.c.c.c.ConfigServerConfigDataLoader - [,] - Located environment: name=investment-service, profiles=[docker], label=null, version=698c31ecbbf98483b87a5ae50e6521e19cce7493, state=
founderlink-rabbitmq              |   Support:     https://www.rabbitmq.com/docs/contact
founderlink-investment-service    |  1 --- [investment-service] [           main] o.s.c.c.c.ConfigServerConfigDataLoader   : Located environment: name=investment-service, profiles=[docker], label=null, version=698c31ecbbf98483b87a5ae50e6521e19cce7493, state=
founderlink-investment-service    | 2026-03-27T16:48:19.338Z 2026-03-27 16:48:19 [main] INFO  o.s.d.r.c.RepositoryConfigurationDelegate - [,] - Bootstrapping Spring Data JPA repositories in DEFAULT mode.
founderlink-investment-service    |  1 --- [investment-service] [           main] .s.d.r.c.RepositoryConfigurationDelegate : Bootstrapping Spring Data JPA repositories in DEFAULT mode.
founderlink-investment-service    | 2026-03-27T16:48:20.254Z 2026-03-27 16:48:20 [main] INFO  o.s.d.r.c.RepositoryConfigurationDelegate - [,] - Finished Spring Data repository scanning in 801 ms. Found 1 JPA repository interface.
founderlink-investment-service    |  1 --- [investment-service] [           main] .s.d.r.c.RepositoryConfigurationDelegate : Finished Spring Data repository scanning in 801 ms. Found 1 JPA repository interface.
founderlink-investment-service    | 2026-03-27T16:48:27.637Z 2026-03-27 16:48:27 [main] INFO  o.s.cloud.context.scope.GenericScope - [,] - BeanFactory id=9321b686-ae98-3b4c-8275-edede8cad6b0
founderlink-investment-service    |  1 --- [investment-service] [           main] o.s.cloud.context.scope.GenericScope     : BeanFactory id=9321b686-ae98-3b4c-8275-edede8cad6b0
founderlink-investment-service    | 2026-03-27T16:48:37.936Z 2026-03-27 16:48:37 [main] INFO  o.s.boot.tomcat.TomcatWebServer - [,] - Tomcat initialized with port 8084 (http)
founderlink-config-server         | 2026-03-27T16:40:30.140Z  INFO 1 --- [config-server] [nio-8888-exec-7] o.s.c.c.s.e.NativeEnvironmentRepository  : Adding property source: Config resource 'file [/tmp/config-repo-8271535918126537454/notification-service.yml]' via location 'file:/tmp/config-repo-8271535918126537454/'
founderlink-team-service          |  1 --- [team-service] [           main] o.s.c.c.c.ConfigServerConfigDataLoader   : Located environment: name=application, profiles=[default], label=null, version=698c31ecbbf98483b87a5ae50e6521e19cce7493, state=
founderlink-config-server         | 2026-03-27T16:40:31.063Z  INFO 1 --- [config-server] [nio-8888-exec-4] o.s.c.c.s.e.NativeEnvironmentRepository  : Adding property source: Config resource 'file [/tmp/config-repo-8271535918126537454/startup-service.yml]' via location 'file:/tmp/config-repo-8271535918126537454/'
founderlink-startup-service       | 2026-03-27T16:47:56.177Z 2026-03-27 16:47:56 [main] INFO  o.s.c.c.c.ConfigServerConfigDataLoader - [,] - Fetching config from server at : http://config-server:8888
founderlink-startup-service       |  1 --- [startup-service] [           main] o.s.c.c.c.ConfigServerConfigDataLoader   : Fetching config from server at : http://config-server:8888
founderlink-startup-service       | 2026-03-27T16:47:56.177Z 2026-03-27 16:47:56 [main] INFO  o.s.c.c.c.ConfigServerConfigDataLoader - [,] - Located environment: name=startup-service, profiles=[docker], label=null, version=698c31ecbbf98483b87a5ae50e6521e19cce7493, state=
founderlink-startup-service       |  1 --- [startup-service] [           main] o.s.c.c.c.ConfigServerConfigDataLoader   : Located environment: name=startup-service, profiles=[docker], label=null, version=698c31ecbbf98483b87a5ae50e6521e19cce7493, state=
founderlink-auth-service          |  1 --- [auth-service] [           main] com.zaxxer.hikari.HikariDataSource       : HikariPool-1 - Start completed.
founderlink-rabbitmq              |   Tutorials:   https://www.rabbitmq.com/tutorials
founderlink-rabbitmq              |   Monitoring:  https://www.rabbitmq.com/docs/monitoring
founderlink-rabbitmq              |   Upgrading:   https://www.rabbitmq.com/docs/upgrade
founderlink-rabbitmq              | 
founderlink-rabbitmq              |   Logs: <stdout>
founderlink-rabbitmq              | 
founderlink-notification-service  | 
founderlink-config-server         | 2026-03-27T16:40:31.977Z  INFO 1 --- [config-server] [nio-8888-exec-5] o.s.c.c.s.e.NativeEnvironmentRepository  : Adding property source: Config resource 'file [/tmp/config-repo-8271535918126537454/user-service.yml]' via location 'file:/tmp/config-repo-8271535918126537454/'
founderlink-config-server         | 2026-03-27T16:40:32.840Z  INFO 1 --- [config-server] [nio-8888-exec-6] o.s.c.c.s.e.NativeEnvironmentRepository  : Adding property source: Config resource 'file [/tmp/config-repo-8271535918126537454/auth-service.yml]' via location 'file:/tmp/config-repo-8271535918126537454/'
founderlink-config-server         | 2026-03-27T16:40:33.728Z  INFO 1 --- [config-server] [nio-8888-exec-3] o.s.c.c.s.e.NativeEnvironmentRepository  : Adding property source: Config resource 'file [/tmp/config-repo-8271535918126537454/user-service.yml]' via location 'file:/tmp/config-repo-8271535918126537454/'
founderlink-config-server         | 2026-03-27T16:40:34.592Z  INFO 1 --- [config-server] [nio-8888-exec-2] o.s.c.c.s.e.NativeEnvironmentRepository  : Adding property source: Config resource 'file [/tmp/config-repo-8271535918126537454/notification-service.yml]' via location 'file:/tmp/config-repo-8271535918126537454/'
founderlink-config-server         | 2026-03-27T16:40:35.510Z  INFO 1 --- [config-server] [nio-8888-exec-1] o.s.c.c.s.e.NativeEnvironmentRepository  : Adding property source: Config resource 'file [/tmp/config-repo-8271535918126537454/investment-service.yml]' via location 'file:/tmp/config-repo-8271535918126537454/'
founderlink-config-server         | 2026-03-27T16:40:36.433Z  INFO 1 --- [config-server] [io-8888-exec-10] o.s.c.c.s.e.NativeEnvironmentRepository  : Adding property source: Config resource 'file [/tmp/config-repo-8271535918126537454/messaging-service.yml]' via location 'file:/tmp/config-repo-8271535918126537454/'
founderlink-investment-service    |  1 --- [investment-service] [           main] o.s.boot.tomcat.TomcatWebServer          : Tomcat initialized with port 8084 (http)
founderlink-messaging-service     |  1 --- [messaging-service] [           main] o.s.c.c.c.ConfigServerConfigDataLoader   : Located environment: name=messaging-service, profiles=[default], label=null, version=698c31ecbbf98483b87a5ae50e6521e19cce7493, state=
founderlink-rabbitmq              |   Config file(s): /etc/rabbitmq/conf.d/10-defaults.conf
founderlink-auth-service          | 2026-03-27T16:48:21.755Z 2026-03-27 16:48:21 [main] WARN  org.hibernate.orm.deprecation - [,] - HHH90000025: PostgreSQLDialect does not need to be specified explicitly using 'hibernate.dialect' (remove the property setting and it will be selected by default)
founderlink-eureka-server         |  \\/  ___)| |_)| | | | | || (_| |  ) ) ) )
founderlink-notification-service  | Using generated security password: fa87479c-736b-463a-9676-147bbbd683b0
founderlink-eureka-server         |   '  |____| .__|_| |_|_| |_\__, | / / / /
founderlink-notification-service  | 
founderlink-notification-service  | This generated password is for development use only. Your security configuration must be updated before running your application in production.
founderlink-notification-service  | 
founderlink-notification-service  |  1 --- [notification-service] [           main] .s.a.UserDetailsServiceAutoConfiguration : 
founderlink-notification-service  | 
founderlink-notification-service  | Using generated security password: fa87479c-736b-463a-9676-147bbbd683b0
founderlink-notification-service  | 
founderlink-config-server         | 2026-03-27T16:40:37.349Z  INFO 1 --- [config-server] [nio-8888-exec-8] o.s.c.c.s.e.NativeEnvironmentRepository  : Adding property source: Config resource 'file [/tmp/config-repo-8271535918126537454/team-service.yml]' via location 'file:/tmp/config-repo-8271535918126537454/'
founderlink-messaging-service     | 2026-03-27T16:48:03.795Z 2026-03-27 16:48:03 [main] INFO  o.s.c.c.c.ConfigServerConfigDataLoader - [,] - Fetching config from server at : http://config-server:8888
founderlink-messaging-service     |  1 --- [messaging-service] [           main] o.s.c.c.c.ConfigServerConfigDataLoader   : Fetching config from server at : http://config-server:8888
founderlink-messaging-service     | 2026-03-27T16:48:03.795Z 2026-03-27 16:48:03 [main] INFO  o.s.c.c.c.ConfigServerConfigDataLoader - [,] - Located environment: name=messaging-service, profiles=[docker], label=null, version=698c31ecbbf98483b87a5ae50e6521e19cce7493, state=
founderlink-auth-service          |  1 --- [auth-service] [           main] org.hibernate.orm.deprecation            : HHH90000025: PostgreSQLDialect does not need to be specified explicitly using 'hibernate.dialect' (remove the property setting and it will be selected by default)
founderlink-notification-service  | This generated password is for development use only. Your security configuration must be updated before running your application in production.
founderlink-team-service          | 2026-03-27T16:48:09.896Z 2026-03-27 16:48:09 [main] INFO  o.s.c.c.c.ConfigServerConfigDataLoader - [,] - Fetching config from server at : http://config-server:8888
founderlink-messaging-service     |  1 --- [messaging-service] [           main] o.s.c.c.c.ConfigServerConfigDataLoader   : Located environment: name=messaging-service, profiles=[docker], label=null, version=698c31ecbbf98483b87a5ae50e6521e19cce7493, state=
founderlink-team-service          |  1 --- [team-service] [           main] o.s.c.c.c.ConfigServerConfigDataLoader   : Fetching config from server at : http://config-server:8888
founderlink-team-service          | 2026-03-27T16:48:09.899Z 2026-03-27 16:48:09 [main] INFO  o.s.c.c.c.ConfigServerConfigDataLoader - [,] - Located environment: name=team-service, profiles=[default], label=null, version=698c31ecbbf98483b87a5ae50e6521e19cce7493, state=
founderlink-team-service          |  1 --- [team-service] [           main] o.s.c.c.c.ConfigServerConfigDataLoader   : Located environment: name=team-service, profiles=[default], label=null, version=698c31ecbbf98483b87a5ae50e6521e19cce7493, state=
founderlink-team-service          | 2026-03-27T16:48:09.905Z 2026-03-27 16:48:09 [main] INFO  o.s.c.c.c.ConfigServerConfigDataLoader - [,] - Fetching config from server at : http://config-server:8888
founderlink-team-service          |  1 --- [team-service] [           main] o.s.c.c.c.ConfigServerConfigDataLoader   : Fetching config from server at : http://config-server:8888
founderlink-team-service          | 2026-03-27T16:48:09.907Z 2026-03-27 16:48:09 [main] INFO  o.s.c.c.c.ConfigServerConfigDataLoader - [,] - Located environment: name=team-service, profiles=[docker], label=null, version=698c31ecbbf98483b87a5ae50e6521e19cce7493, state=
founderlink-team-service          |  1 --- [team-service] [           main] o.s.c.c.c.ConfigServerConfigDataLoader   : Located environment: name=team-service, profiles=[docker], label=null, version=698c31ecbbf98483b87a5ae50e6521e19cce7493, state=
founderlink-team-service          | 2026-03-27T16:48:09.909Z 2026-03-27 16:48:09 [main] INFO  o.s.c.c.c.ConfigServerConfigDataLoader - [,] - Fetching config from server at : http://config-server:8888
founderlink-team-service          |  1 --- [team-service] [           main] o.s.c.c.c.ConfigServerConfigDataLoader   : Fetching config from server at : http://config-server:8888
founderlink-team-service          | 2026-03-27T16:48:09.912Z 2026-03-27 16:48:09 [main] INFO  o.s.c.c.c.ConfigServerConfigDataLoader - [,] - Located environment: name=team-service, profiles=[default], label=null, version=698c31ecbbf98483b87a5ae50e6521e19cce7493, state=
founderlink-team-service          |  1 --- [team-service] [           main] o.s.c.c.c.ConfigServerConfigDataLoader   : Located environment: name=team-service, profiles=[default], label=null, version=698c31ecbbf98483b87a5ae50e6521e19cce7493, state=
founderlink-team-service          | 2026-03-27T16:48:09.916Z 2026-03-27 16:48:09 [main] INFO  o.s.c.c.c.ConfigServerConfigDataLoader - [,] - Fetching config from server at : http://config-server:8888
founderlink-team-service          |  1 --- [team-service] [           main] o.s.c.c.c.ConfigServerConfigDataLoader   : Fetching config from server at : http://config-server:8888
founderlink-team-service          | 2026-03-27T16:48:09.917Z 2026-03-27 16:48:09 [main] INFO  o.s.c.c.c.ConfigServerConfigDataLoader - [,] - Located environment: name=team-service, profiles=[docker], label=null, version=698c31ecbbf98483b87a5ae50e6521e19cce7493, state=
founderlink-user-service          |  1 --- [user-service] [           main] org.hibernate.orm.deprecation            : HHH90000025: PostgreSQLDialect does not need to be specified explicitly using 'hibernate.dialect' (remove the property setting and it will be selected by default)
founderlink-team-service          |  1 --- [team-service] [           main] o.s.c.c.c.ConfigServerConfigDataLoader   : Located environment: name=team-service, profiles=[docker], label=null, version=698c31ecbbf98483b87a5ae50e6521e19cce7493, state=
founderlink-user-service          | 2026-03-27T16:48:30.788Z 2026-03-27 16:48:30 [main] INFO  o.hibernate.orm.connections.pooling - [,] - HHH10001005: Database info:
founderlink-investment-service    | 2026-03-27T16:48:38.103Z 2026-03-27 16:48:38 [main] INFO  o.a.catalina.core.StandardService - [,] - Starting service [Tomcat]
founderlink-api-gateway           |  1 --- [api-gateway] [           main] o.s.c.c.c.ConfigServerConfigDataLoader   : Located environment: name=api-gateway, profiles=[docker], label=null, version=698c31ecbbf98483b87a5ae50e6521e19cce7493, state=
founderlink-investment-service    |  1 --- [investment-service] [           main] o.apache.catalina.core.StandardService   : Starting service [Tomcat]
founderlink-auth-service          | 2026-03-27T16:48:21.925Z 2026-03-27 16:48:21 [main] INFO  o.hibernate.orm.connections.pooling - [,] - HHH10001005: Database info:
founderlink-rabbitmq              | 
founderlink-auth-service          | 	Database JDBC URL [jdbc:postgresql://founderlink-postgres:5432/auth_db]
founderlink-rabbitmq              |   Starting broker...2026-03-27 16:39:32.763902+00:00 [info] <0.254.0> [0m
founderlink-team-service          | 2026-03-27T16:48:24.330Z 2026-03-27 16:48:24 [main] INFO  o.s.d.r.c.RepositoryConfigurationDelegate - [,] - Bootstrapping Spring Data JPA repositories in DEFAULT mode.
founderlink-rabbitmq              | 2026-03-27 16:39:32.763902+00:00 [info] <0.254.0>  node           : rabbit@dad3a450f705[0m
founderlink-messaging-service     | 2026-03-27T16:48:03.796Z 2026-03-27 16:48:03 [main] INFO  o.s.c.c.c.ConfigServerConfigDataLoader - [,] - Fetching config from server at : http://config-server:8888
founderlink-rabbitmq              | 2026-03-27 16:39:32.763902+00:00 [info] <0.254.0>  home dir       : /var/lib/rabbitmq[0m
founderlink-messaging-service     |  1 --- [messaging-service] [           main] o.s.c.c.c.ConfigServerConfigDataLoader   : Fetching config from server at : http://config-server:8888
founderlink-config-server         | 2026-03-27T16:40:38.267Z  INFO 1 --- [config-server] [nio-8888-exec-9] o.s.c.c.s.e.NativeEnvironmentRepository  : Adding property source: Config resource 'file [/tmp/config-repo-8271535918126537454/api-gateway.yml]' via location 'file:/tmp/config-repo-8271535918126537454/'
founderlink-messaging-service     | 2026-03-27T16:48:03.796Z 2026-03-27 16:48:03 [main] INFO  o.s.c.c.c.ConfigServerConfigDataLoader - [,] - Located environment: name=messaging-service, profiles=[default], label=null, version=698c31ecbbf98483b87a5ae50e6521e19cce7493, state=
founderlink-config-server         | 2026-03-27T16:40:39.244Z  INFO 1 --- [config-server] [nio-8888-exec-1] o.s.c.c.s.e.NativeEnvironmentRepository  : Adding property source: Config resource 'file [/tmp/config-repo-8271535918126537454/team-service.yml]' via location 'file:/tmp/config-repo-8271535918126537454/'
founderlink-messaging-service     |  1 --- [messaging-service] [           main] o.s.c.c.c.ConfigServerConfigDataLoader   : Located environment: name=messaging-service, profiles=[default], label=null, version=698c31ecbbf98483b87a5ae50e6521e19cce7493, state=
founderlink-config-server         | 2026-03-27T16:40:41.200Z  INFO 1 --- [config-server] [nio-8888-exec-3] o.s.c.c.s.e.NativeEnvironmentRepository  : Adding property source: Config resource 'file [/tmp/config-repo-8271535918126537454/messaging-service.yml]' via location 'file:/tmp/config-repo-8271535918126537454/'
founderlink-config-server         | 2026-03-27T16:40:42.234Z  INFO 1 --- [config-server] [nio-8888-exec-6] o.s.c.c.s.e.NativeEnvironmentRepository  : Adding property source: Config resource 'file [/tmp/config-repo-8271535918126537454/investment-service.yml]' via location 'file:/tmp/config-repo-8271535918126537454/'
founderlink-user-service          | 	Database JDBC URL [jdbc:postgresql://founderlink-postgres:5432/users_db]
founderlink-config-server         | 2026-03-27T16:40:43.153Z  INFO 1 --- [config-server] [nio-8888-exec-5] o.s.c.c.s.e.NativeEnvironmentRepository  : Adding property source: Config resource 'file [/tmp/config-repo-8271535918126537454/notification-service.yml]' via location 'file:/tmp/config-repo-8271535918126537454/'
founderlink-rabbitmq              | 2026-03-27 16:39:32.763902+00:00 [info] <0.254.0>  config file(s) : /etc/rabbitmq/conf.d/10-defaults.conf[0m
founderlink-config-server         | 2026-03-27T16:40:44.100Z  INFO 1 --- [config-server] [nio-8888-exec-4] o.s.c.c.s.e.NativeEnvironmentRepository  : Adding property source: Config resource 'file [/tmp/config-repo-8271535918126537454/user-service.yml]' via location 'file:/tmp/config-repo-8271535918126537454/'
founderlink-rabbitmq              | 2026-03-27 16:39:32.763902+00:00 [info] <0.254.0>  cookie hash    : WWaNYz33oA9h6tDYSnyWnA==[0m
founderlink-config-server         | 2026-03-27T16:40:45.095Z  INFO 1 --- [config-server] [nio-8888-exec-7] o.s.c.c.s.e.NativeEnvironmentRepository  : Adding property source: Config resource 'file [/tmp/config-repo-8271535918126537454/auth-service.yml]' via location 'file:/tmp/config-repo-8271535918126537454/'
founderlink-rabbitmq              | 2026-03-27 16:39:32.763902+00:00 [info] <0.254.0>  log(s)         : <stdout>[0m
founderlink-config-server         | 2026-03-27T16:40:47.026Z  INFO 1 --- [config-server] [nio-8888-exec-2] o.s.c.c.s.e.NativeEnvironmentRepository  : Adding property source: Config resource 'file [/tmp/config-repo-8271535918126537454/investment-service.yml]' via location 'file:/tmp/config-repo-8271535918126537454/'
founderlink-api-gateway           | 2026-03-27T16:48:17.922Z 2026-03-27 16:48:17 [main] INFO  o.s.c.c.c.ConfigServerConfigDataLoader - [,] - Fetching config from server at : http://config-server:8888
founderlink-config-server         | 2026-03-27T16:40:48.380Z  INFO 1 --- [config-server] [nio-8888-exec-1] o.s.c.c.s.e.NativeEnvironmentRepository  : Adding property source: Config resource 'file [/tmp/config-repo-8271535918126537454/messaging-service.yml]' via location 'file:/tmp/config-repo-8271535918126537454/'
founderlink-notification-service  | 
founderlink-config-server         | 2026-03-27T16:40:49.417Z  INFO 1 --- [config-server] [nio-8888-exec-8] o.s.c.c.s.e.NativeEnvironmentRepository  : Adding property source: Config resource 'file [/tmp/config-repo-8271535918126537454/team-service.yml]' via location 'file:/tmp/config-repo-8271535918126537454/'
founderlink-notification-service  | 2026-03-27T16:48:38.810Z 2026-03-27 16:48:38 [main] INFO  o.s.s.c.a.a.c.InitializeUserDetailsBeanManagerConfigurer$InitializeUserDetailsManagerConfigurer - [,] - Global AuthenticationManager configured with UserDetailsService bean with name inMemoryUserDetailsManager
founderlink-config-server         | 2026-03-27T16:40:50.467Z  INFO 1 --- [config-server] [io-8888-exec-10] o.s.c.c.s.e.NativeEnvironmentRepository  : Adding property source: Config resource 'file [/tmp/config-repo-8271535918126537454/api-gateway.yml]' via location 'file:/tmp/config-repo-8271535918126537454/'
founderlink-messaging-service     | 2026-03-27T16:48:03.798Z 2026-03-27 16:48:03 [main] INFO  o.s.c.c.c.ConfigServerConfigDataLoader - [,] - Fetching config from server at : http://config-server:8888
founderlink-config-server         | 2026-03-27T16:40:52.524Z  INFO 1 --- [config-server] [nio-8888-exec-3] o.s.c.c.s.e.NativeEnvironmentRepository  : Adding property source: Config resource 'file [/tmp/config-repo-8271535918126537454/auth-service.yml]' via location 'file:/tmp/config-repo-8271535918126537454/'
founderlink-config-server         | 2026-03-27T16:40:53.599Z  INFO 1 --- [config-server] [nio-8888-exec-5] o.s.c.c.s.e.NativeEnvironmentRepository  : Adding property source: Config resource 'file [/tmp/config-repo-8271535918126537454/api-gateway.yml]' via location 'file:/tmp/config-repo-8271535918126537454/'
founderlink-config-server         | 2026-03-27T16:40:54.573Z  INFO 1 --- [config-server] [nio-8888-exec-4] o.s.c.c.s.e.NativeEnvironmentRepository  : Adding property source: Config resource 'file [/tmp/config-repo-8271535918126537454/auth-service.yml]' via location 'file:/tmp/config-repo-8271535918126537454/'
founderlink-config-server         | 2026-03-27T16:40:55.591Z  INFO 1 --- [config-server] [nio-8888-exec-7] o.s.c.c.s.e.NativeEnvironmentRepository  : Adding property source: Config resource 'file [/tmp/config-repo-8271535918126537454/api-gateway.yml]' via location 'file:/tmp/config-repo-8271535918126537454/'
founderlink-config-server         | 2026-03-27T16:43:00.048Z  INFO 1 --- [config-server] [io-8888-exec-10] o.s.c.c.s.e.NativeEnvironmentRepository  : Adding property source: Config resource 'file [/tmp/config-repo-8271535918126537454/api-gateway.yml]' via location 'file:/tmp/config-repo-8271535918126537454/'
founderlink-auth-service          | 	Database driver: PostgreSQL JDBC Driver
founderlink-user-service          | 	Database driver: PostgreSQL JDBC Driver
founderlink-auth-service          | 	Database dialect: PostgreSQLDialect
founderlink-team-service          |  1 --- [team-service] [           main] .s.d.r.c.RepositoryConfigurationDelegate : Bootstrapping Spring Data JPA repositories in DEFAULT mode.
founderlink-auth-service          | 	Database version: 15.17
founderlink-team-service          | 2026-03-27T16:48:25.108Z 2026-03-27 16:48:25 [main] INFO  o.s.d.r.c.RepositoryConfigurationDelegate - [,] - Finished Spring Data repository scanning in 694 ms. Found 1 JPA repository interface.
founderlink-auth-service          | 	Default catalog/schema: auth_db/public
founderlink-investment-service    | 2026-03-27T16:48:38.107Z 2026-03-27 16:48:38 [main] INFO  o.a.catalina.core.StandardEngine - [,] - Starting Servlet engine: [Apache Tomcat/11.0.18]
founderlink-auth-service          | 	Autocommit mode: undefined/unknown
founderlink-investment-service    |  1 --- [investment-service] [           main] o.apache.catalina.core.StandardEngine    : Starting Servlet engine: [Apache Tomcat/11.0.18]
founderlink-rabbitmq              | 2026-03-27 16:39:32.763902+00:00 [info] <0.254.0>  data dir       : /var/lib/rabbitmq/mnesia/rabbit@dad3a450f705[0m
founderlink-investment-service    | 2026-03-27T16:48:38.559Z 2026-03-27 16:48:38 [main] INFO  o.s.b.w.c.s.WebApplicationContextInitializer - [,] - Root WebApplicationContext: initialization completed in 29451 ms
founderlink-startup-service       | 2026-03-27T16:47:58.181Z 2026-03-27 16:47:58 [main] INFO  o.s.d.r.c.RepositoryConfigurationDelegate - [,] - Bootstrapping Spring Data JPA repositories in DEFAULT mode.
founderlink-investment-service    |  1 --- [investment-service] [           main] b.w.c.s.WebApplicationContextInitializer : Root WebApplicationContext: initialization completed in 29451 ms
founderlink-notification-service  |  1 --- [notification-service] [           main] r$InitializeUserDetailsManagerConfigurer : Global AuthenticationManager configured with UserDetailsService bean with name inMemoryUserDetailsManager
founderlink-investment-service    | 2026-03-27T16:48:48.258Z 2026-03-27 16:48:48 [main] INFO  org.hibernate.orm.jpa - [,] - HHH008540: Processing PersistenceUnitInfo [name: default]
founderlink-user-service          | 	Database dialect: PostgreSQLDialect
founderlink-investment-service    |  1 --- [investment-service] [           main] org.hibernate.orm.jpa                    : HHH008540: Processing PersistenceUnitInfo [name: default]
founderlink-user-service          | 	Database version: 15.17
founderlink-investment-service    | 2026-03-27T16:48:48.385Z 2026-03-27 16:48:48 [main] INFO  org.hibernate.orm.core - [,] - HHH000001: Hibernate ORM core version 7.2.7.Final
founderlink-investment-service    |  1 --- [investment-service] [           main] org.hibernate.orm.core                   : HHH000001: Hibernate ORM core version 7.2.7.Final
founderlink-investment-service    | 2026-03-27T16:48:50.395Z 2026-03-27 16:48:50 [main] INFO  o.s.o.j.p.SpringPersistenceUnitInfo - [,] - No LoadTimeWeaver setup: ignoring JPA class transformer
founderlink-investment-service    |  1 --- [investment-service] [           main] o.s.o.j.p.SpringPersistenceUnitInfo      : No LoadTimeWeaver setup: ignoring JPA class transformer
founderlink-api-gateway           |  1 --- [api-gateway] [           main] o.s.c.c.c.ConfigServerConfigDataLoader   : Fetching config from server at : http://config-server:8888
founderlink-notification-service  | 2026-03-27T16:48:52.337Z 2026-03-27 16:48:52 [main] INFO  o.s.c.n.e.c.DiscoveryClientOptionalArgsConfiguration - [,] - Eureka HTTP Client uses RestClient.
founderlink-api-gateway           | 2026-03-27T16:48:17.925Z 2026-03-27 16:48:17 [main] INFO  o.s.c.c.c.ConfigServerConfigDataLoader - [,] - Located environment: name=api-gateway, profiles=[default], label=null, version=698c31ecbbf98483b87a5ae50e6521e19cce7493, state=
founderlink-api-gateway           |  1 --- [api-gateway] [           main] o.s.c.c.c.ConfigServerConfigDataLoader   : Located environment: name=api-gateway, profiles=[default], label=null, version=698c31ecbbf98483b87a5ae50e6521e19cce7493, state=
founderlink-api-gateway           | 2026-03-27T16:48:17.928Z 2026-03-27 16:48:17 [main] INFO  o.s.c.c.c.ConfigServerConfigDataLoader - [,] - Fetching config from server at : http://config-server:8888
founderlink-api-gateway           |  1 --- [api-gateway] [           main] o.s.c.c.c.ConfigServerConfigDataLoader   : Fetching config from server at : http://config-server:8888
founderlink-api-gateway           | 2026-03-27T16:48:17.933Z 2026-03-27 16:48:17 [main] INFO  o.s.c.c.c.ConfigServerConfigDataLoader - [,] - Located environment: name=api-gateway, profiles=[docker], label=null, version=698c31ecbbf98483b87a5ae50e6521e19cce7493, state=
founderlink-api-gateway           |  1 --- [api-gateway] [           main] o.s.c.c.c.ConfigServerConfigDataLoader   : Located environment: name=api-gateway, profiles=[docker], label=null, version=698c31ecbbf98483b87a5ae50e6521e19cce7493, state=
founderlink-api-gateway           | 2026-03-27T16:48:33.222Z 2026-03-27 16:48:33 [main] INFO  o.s.cloud.context.scope.GenericScope - [,] - BeanFactory id=1f3dfae4-6ef9-35a2-8f80-4f830087be9c
founderlink-api-gateway           |  1 --- [api-gateway] [           main] o.s.cloud.context.scope.GenericScope     : BeanFactory id=1f3dfae4-6ef9-35a2-8f80-4f830087be9c
founderlink-api-gateway           | 2026-03-27T16:48:49.407Z 2026-03-27 16:48:49 [main] INFO  o.s.c.g.r.RouteDefinitionRouteLocator - [,] - Loaded RoutePredicateFactory [After]
founderlink-api-gateway           |  1 --- [api-gateway] [           main] o.s.c.g.r.RouteDefinitionRouteLocator    : Loaded RoutePredicateFactory [After]
founderlink-api-gateway           | 2026-03-27T16:48:49.415Z 2026-03-27 16:48:49 [main] INFO  o.s.c.g.r.RouteDefinitionRouteLocator - [,] - Loaded RoutePredicateFactory [Before]
founderlink-investment-service    | 2026-03-27T16:48:50.500Z 2026-03-27 16:48:50 [main] INFO  com.zaxxer.hikari.HikariDataSource - [,] - HikariPool-1 - Starting...
founderlink-investment-service    |  1 --- [investment-service] [           main] com.zaxxer.hikari.HikariDataSource       : HikariPool-1 - Starting...
founderlink-investment-service    | 2026-03-27T16:48:51.238Z 2026-03-27 16:48:51 [main] INFO  com.zaxxer.hikari.pool.HikariPool - [,] - HikariPool-1 - Added connection org.postgresql.jdbc.PgConnection@549dfe1d
founderlink-investment-service    |  1 --- [investment-service] [           main] com.zaxxer.hikari.pool.HikariPool        : HikariPool-1 - Added connection org.postgresql.jdbc.PgConnection@549dfe1d
founderlink-investment-service    | 2026-03-27T16:48:51.242Z 2026-03-27 16:48:51 [main] INFO  com.zaxxer.hikari.HikariDataSource - [,] - HikariPool-1 - Start completed.
founderlink-investment-service    |  1 --- [investment-service] [           main] com.zaxxer.hikari.HikariDataSource       : HikariPool-1 - Start completed.
founderlink-investment-service    | 2026-03-27T16:48:51.390Z 2026-03-27 16:48:51 [main] INFO  o.hibernate.orm.connections.pooling - [,] - HHH10001005: Database info:
founderlink-investment-service    | 	Database JDBC URL [jdbc:postgresql://founderlink-postgres:5432/investments_db]
founderlink-investment-service    | 	Database driver: PostgreSQL JDBC Driver
founderlink-investment-service    | 	Database dialect: PostgreSQLDialect
founderlink-investment-service    | 	Database version: 15.17
founderlink-investment-service    | 	Default catalog/schema: investments_db/public
founderlink-investment-service    | 	Autocommit mode: undefined/unknown
founderlink-investment-service    | 	Isolation level: READ_COMMITTED [default READ_COMMITTED]
founderlink-investment-service    | 	JDBC fetch size: none
founderlink-eureka-server         |  =========|_|==============|___/=/_/_/_/
founderlink-api-gateway           |  1 --- [api-gateway] [           main] o.s.c.g.r.RouteDefinitionRouteLocator    : Loaded RoutePredicateFactory [Before]
founderlink-config-server         | 2026-03-27T16:43:00.977Z  INFO 1 --- [config-server] [nio-8888-exec-6] o.s.c.c.s.e.NativeEnvironmentRepository  : Adding property source: Config resource 'file [/tmp/config-repo-8271535918126537454/api-gateway.yml]' via location 'file:/tmp/config-repo-8271535918126537454/'
founderlink-api-gateway           | 2026-03-27T16:48:49.423Z 2026-03-27 16:48:49 [main] INFO  o.s.c.g.r.RouteDefinitionRouteLocator - [,] - Loaded RoutePredicateFactory [Between]
founderlink-config-server         | 2026-03-27T16:43:01.880Z  INFO 1 --- [config-server] [nio-8888-exec-3] o.s.c.c.s.e.NativeEnvironmentRepository  : Adding property source: Config resource 'file [/tmp/config-repo-8271535918126537454/api-gateway.yml]' via location 'file:/tmp/config-repo-8271535918126537454/'
founderlink-rabbitmq              | 2026-03-27 16:39:33.994223+00:00 [info] <0.254.0> Running boot step pre_boot defined by app rabbit[0m
founderlink-config-server         | 2026-03-27T16:43:02.734Z  INFO 1 --- [config-server] [nio-8888-exec-5] o.s.c.c.s.e.NativeEnvironmentRepository  : Adding property source: Config resource 'file [/tmp/config-repo-8271535918126537454/api-gateway.yml]' via location 'file:/tmp/config-repo-8271535918126537454/'
founderlink-rabbitmq              | 2026-03-27 16:39:33.994461+00:00 [info] <0.254.0> Running boot step rabbit_global_counters defined by app rabbit[0m
founderlink-team-service          |  1 --- [team-service] [           main] .s.d.r.c.RepositoryConfigurationDelegate : Finished Spring Data repository scanning in 694 ms. Found 1 JPA repository interface.
founderlink-rabbitmq              | 2026-03-27 16:39:33.995018+00:00 [info] <0.254.0> Running boot step rabbit_osiris_metrics defined by app rabbit[0m
founderlink-team-service          | 2026-03-27T16:48:29.371Z 2026-03-27 16:48:29 [main] INFO  o.s.cloud.context.scope.GenericScope - [,] - BeanFactory id=b46339ce-ea8f-3bb8-b30c-a4ee126c754d
founderlink-rabbitmq              | 2026-03-27 16:39:33.995265+00:00 [info] <0.254.0> Running boot step rabbit_core_metrics defined by app rabbit[0m
founderlink-team-service          |  1 --- [team-service] [           main] o.s.cloud.context.scope.GenericScope     : BeanFactory id=b46339ce-ea8f-3bb8-b30c-a4ee126c754d
founderlink-startup-service       |  1 --- [startup-service] [           main] .s.d.r.c.RepositoryConfigurationDelegate : Bootstrapping Spring Data JPA repositories in DEFAULT mode.
founderlink-team-service          | 2026-03-27T16:48:36.882Z 2026-03-27 16:48:36 [main] INFO  o.s.boot.tomcat.TomcatWebServer - [,] - Tomcat initialized with port 8085 (http)
founderlink-startup-service       | 2026-03-27T16:47:58.373Z 2026-03-27 16:47:58 [main] INFO  o.s.d.r.c.RepositoryConfigurationDelegate - [,] - Finished Spring Data repository scanning in 179 ms. Found 1 JPA repository interface.
founderlink-startup-service       |  1 --- [startup-service] [           main] .s.d.r.c.RepositoryConfigurationDelegate : Finished Spring Data repository scanning in 179 ms. Found 1 JPA repository interface.
founderlink-startup-service       | 2026-03-27T16:47:59.358Z 2026-03-27 16:47:59 [main] INFO  o.s.cloud.context.scope.GenericScope - [,] - BeanFactory id=4168eb5a-e8e2-3817-a015-60092ff48d58
founderlink-startup-service       |  1 --- [startup-service] [           main] o.s.cloud.context.scope.GenericScope     : BeanFactory id=4168eb5a-e8e2-3817-a015-60092ff48d58
founderlink-startup-service       | 2026-03-27T16:48:01.715Z 2026-03-27 16:48:01 [main] INFO  o.s.boot.tomcat.TomcatWebServer - [,] - Tomcat initialized with port 8083 (http)
founderlink-startup-service       |  1 --- [startup-service] [           main] o.s.boot.tomcat.TomcatWebServer          : Tomcat initialized with port 8083 (http)
founderlink-startup-service       | 2026-03-27T16:48:01.756Z 2026-03-27 16:48:01 [main] INFO  o.a.catalina.core.StandardService - [,] - Starting service [Tomcat]
founderlink-eureka-server         | 
founderlink-api-gateway           |  1 --- [api-gateway] [           main] o.s.c.g.r.RouteDefinitionRouteLocator    : Loaded RoutePredicateFactory [Between]
founderlink-eureka-server         |  :: Spring Boot ::                (v4.0.4)
founderlink-api-gateway           | 2026-03-27T16:48:49.424Z 2026-03-27 16:48:49 [main] INFO  o.s.c.g.r.RouteDefinitionRouteLocator - [,] - Loaded RoutePredicateFactory [Cookie]
founderlink-eureka-server         | 
founderlink-api-gateway           |  1 --- [api-gateway] [           main] o.s.c.g.r.RouteDefinitionRouteLocator    : Loaded RoutePredicateFactory [Cookie]
founderlink-eureka-server         | 2026-03-27T16:39:29.920Z  INFO 1 --- [           main] c.example.demo.EurekaServerApplication   : Starting EurekaServerApplication v0.0.1-SNAPSHOT using Java 17.0.18 with PID 1 (/app/app.jar started by root in /app)
founderlink-investment-service    | 	Pool: DataSourceConnectionProvider
founderlink-investment-service    | 	Minimum pool size: undefined/unknown
founderlink-investment-service    | 	Maximum pool size: undefined/unknown
founderlink-investment-service    |  1 --- [investment-service] [           main] org.hibernate.orm.connections.pooling    : HHH10001005: Database info:
founderlink-investment-service    | 	Database JDBC URL [jdbc:postgresql://founderlink-postgres:5432/investments_db]
founderlink-investment-service    | 	Database driver: PostgreSQL JDBC Driver
founderlink-investment-service    | 	Database dialect: PostgreSQLDialect
founderlink-investment-service    | 	Database version: 15.17
founderlink-investment-service    | 	Default catalog/schema: investments_db/public
founderlink-investment-service    | 	Autocommit mode: undefined/unknown
founderlink-investment-service    | 	Isolation level: READ_COMMITTED [default READ_COMMITTED]
founderlink-investment-service    | 	JDBC fetch size: none
founderlink-investment-service    | 	Pool: DataSourceConnectionProvider
founderlink-rabbitmq              | 2026-03-27 16:39:33.996247+00:00 [info] <0.254.0> Running boot step rabbit_alarm defined by app rabbit[0m
founderlink-notification-service  |  1 --- [notification-service] [           main] DiscoveryClientOptionalArgsConfiguration : Eureka HTTP Client uses RestClient.
founderlink-user-service          | 	Default catalog/schema: users_db/public
founderlink-notification-service  | 2026-03-27T16:48:52.496Z 2026-03-27 16:48:52 [main] WARN  o.s.c.l.c.LoadBalancerCacheAutoConfiguration$LoadBalancerCaffeineWarnLogger - [,] - Spring Cloud LoadBalancer is currently working with the default cache. While this cache implementation is useful for development and tests, it's recommended to use Caffeine cache in production.You can switch to using Caffeine cache, by adding it and org.springframework.cache.caffeine.CaffeineCacheManager to the classpath.
founderlink-user-service          | 	Autocommit mode: undefined/unknown
founderlink-config-server         | 2026-03-27T16:44:49.722Z  INFO 1 --- [config-server] [rap-executor-%d] c.n.d.s.r.aws.ConfigClusterResolver      : Resolving eureka endpoints via configuration
founderlink-config-server         | 2026-03-27T16:47:35.344Z  INFO 1 --- [config-server] [nio-8888-exec-1] o.s.c.c.s.e.NativeEnvironmentRepository  : Adding property source: Config resource 'file [/tmp/config-repo-8271535918126537454/messaging-service.yml]' via location 'file:/tmp/config-repo-8271535918126537454/'
founderlink-config-server         | 2026-03-27T16:47:37.247Z  INFO 1 --- [config-server] [nio-8888-exec-4] o.s.c.c.s.e.NativeEnvironmentRepository  : Adding property source: Config resource 'file [/tmp/config-repo-8271535918126537454/user-service.yml]' via location 'file:/tmp/config-repo-8271535918126537454/'
founderlink-config-server         | 2026-03-27T16:47:39.180Z  INFO 1 --- [config-server] [nio-8888-exec-3] o.s.c.c.s.e.NativeEnvironmentRepository  : Adding property source: Config resource 'file [/tmp/config-repo-8271535918126537454/auth-service.yml]' via location 'file:/tmp/config-repo-8271535918126537454/'
founderlink-config-server         | 2026-03-27T16:47:44.598Z  INFO 1 --- [config-server] [nio-8888-exec-3] o.s.c.c.s.e.NativeEnvironmentRepository  : Adding property source: Config resource 'file [/tmp/config-repo-8271535918126537454/team-service.yml]' via location 'file:/tmp/config-repo-8271535918126537454/'
founderlink-config-server         | 2026-03-27T16:47:45.518Z  INFO 1 --- [config-server] [nio-8888-exec-5] o.s.c.c.s.e.NativeEnvironmentRepository  : Adding property source: Config resource 'file [/tmp/config-repo-8271535918126537454/startup-service.yml]' via location 'file:/tmp/config-repo-8271535918126537454/'
founderlink-config-server         | 2026-03-27T16:47:46.415Z  INFO 1 --- [config-server] [nio-8888-exec-4] o.s.c.c.s.e.NativeEnvironmentRepository  : Adding property source: Config resource 'file [/tmp/config-repo-8271535918126537454/auth-service.yml]' via location 'file:/tmp/config-repo-8271535918126537454/'
founderlink-config-server         | 2026-03-27T16:47:47.284Z  INFO 1 --- [config-server] [nio-8888-exec-1] o.s.c.c.s.e.NativeEnvironmentRepository  : Adding property source: Config resource 'file [/tmp/config-repo-8271535918126537454/investment-service.yml]' via location 'file:/tmp/config-repo-8271535918126537454/'
founderlink-config-server         | 2026-03-27T16:47:48.152Z  INFO 1 --- [config-server] [nio-8888-exec-9] o.s.c.c.s.e.NativeEnvironmentRepository  : Adding property source: Config resource 'file [/tmp/config-repo-8271535918126537454/user-service.yml]' via location 'file:/tmp/config-repo-8271535918126537454/'
founderlink-config-server         | 2026-03-27T16:47:49.116Z  INFO 1 --- [config-server] [nio-8888-exec-7] o.s.c.c.s.e.NativeEnvironmentRepository  : Adding property source: Config resource 'file [/tmp/config-repo-8271535918126537454/messaging-service.yml]' via location 'file:/tmp/config-repo-8271535918126537454/'
founderlink-config-server         | 2026-03-27T16:47:50.057Z  INFO 1 --- [config-server] [nio-8888-exec-2] o.s.c.c.s.e.NativeEnvironmentRepository  : Adding property source: Config resource 'file [/tmp/config-repo-8271535918126537454/notification-service.yml]' via location 'file:/tmp/config-repo-8271535918126537454/'
founderlink-investment-service    | 	Minimum pool size: undefined/unknown
founderlink-config-server         | 2026-03-27T16:47:51.057Z  INFO 1 --- [config-server] [nio-8888-exec-9] o.s.c.c.s.e.NativeEnvironmentRepository  : Adding property source: Config resource 'file [/tmp/config-repo-8271535918126537454/messaging-service.yml]' via location 'file:/tmp/config-repo-8271535918126537454/'
founderlink-rabbitmq              | 2026-03-27 16:39:34.008786+00:00 [info] <0.329.0> Memory high watermark set to 9493 MiB (9954754560 bytes) of 23733 MiB (24886886400 bytes) total[0m
founderlink-auth-service          | 	Isolation level: READ_COMMITTED [default READ_COMMITTED]
founderlink-user-service          | 	Isolation level: READ_COMMITTED [default READ_COMMITTED]
founderlink-auth-service          | 	JDBC fetch size: none
founderlink-auth-service          | 	Pool: DataSourceConnectionProvider
founderlink-auth-service          | 	Minimum pool size: undefined/unknown
founderlink-auth-service          | 	Maximum pool size: undefined/unknown
founderlink-auth-service          |  1 --- [auth-service] [           main] org.hibernate.orm.connections.pooling    : HHH10001005: Database info:
founderlink-auth-service          | 	Database JDBC URL [jdbc:postgresql://founderlink-postgres:5432/auth_db]
founderlink-auth-service          | 	Database driver: PostgreSQL JDBC Driver
founderlink-auth-service          | 	Database dialect: PostgreSQLDialect
founderlink-auth-service          | 	Database version: 15.17
founderlink-auth-service          | 	Default catalog/schema: auth_db/public
founderlink-auth-service          | 	Autocommit mode: undefined/unknown
founderlink-auth-service          | 	Isolation level: READ_COMMITTED [default READ_COMMITTED]
founderlink-auth-service          | 	JDBC fetch size: none
founderlink-auth-service          | 	Pool: DataSourceConnectionProvider
founderlink-investment-service    | 	Maximum pool size: undefined/unknown
founderlink-auth-service          | 	Minimum pool size: undefined/unknown
founderlink-startup-service       |  1 --- [startup-service] [           main] o.apache.catalina.core.StandardService   : Starting service [Tomcat]
founderlink-user-service          | 	JDBC fetch size: none
founderlink-messaging-service     |  1 --- [messaging-service] [           main] o.s.c.c.c.ConfigServerConfigDataLoader   : Fetching config from server at : http://config-server:8888
founderlink-user-service          | 	Pool: DataSourceConnectionProvider
founderlink-messaging-service     | 2026-03-27T16:48:03.799Z 2026-03-27 16:48:03 [main] INFO  o.s.c.c.c.ConfigServerConfigDataLoader - [,] - Located environment: name=messaging-service, profiles=[docker], label=null, version=698c31ecbbf98483b87a5ae50e6521e19cce7493, state=
founderlink-user-service          | 	Minimum pool size: undefined/unknown
founderlink-messaging-service     |  1 --- [messaging-service] [           main] o.s.c.c.c.ConfigServerConfigDataLoader   : Located environment: name=messaging-service, profiles=[docker], label=null, version=698c31ecbbf98483b87a5ae50e6521e19cce7493, state=
founderlink-user-service          | 	Maximum pool size: undefined/unknown
founderlink-messaging-service     | 2026-03-27T16:48:11.123Z 2026-03-27 16:48:11 [main] INFO  o.s.d.r.c.RepositoryConfigurationDelegate - [,] - Bootstrapping Spring Data MongoDB repositories in DEFAULT mode.
founderlink-user-service          |  1 --- [user-service] [           main] org.hibernate.orm.connections.pooling    : HHH10001005: Database info:
founderlink-messaging-service     |  1 --- [messaging-service] [           main] .s.d.r.c.RepositoryConfigurationDelegate : Bootstrapping Spring Data MongoDB repositories in DEFAULT mode.
founderlink-user-service          | 	Database JDBC URL [jdbc:postgresql://founderlink-postgres:5432/users_db]
founderlink-messaging-service     | 2026-03-27T16:48:11.761Z 2026-03-27 16:48:11 [main] INFO  o.s.d.r.c.RepositoryConfigurationDelegate - [,] - Finished Spring Data repository scanning in 596 ms. Found 1 MongoDB repository interface.
founderlink-user-service          | 	Database driver: PostgreSQL JDBC Driver
founderlink-team-service          |  1 --- [team-service] [           main] o.s.boot.tomcat.TomcatWebServer          : Tomcat initialized with port 8085 (http)
founderlink-user-service          | 	Database dialect: PostgreSQLDialect
founderlink-team-service          | 2026-03-27T16:48:37.130Z 2026-03-27 16:48:37 [main] INFO  o.a.catalina.core.StandardService - [,] - Starting service [Tomcat]
founderlink-user-service          | 	Database version: 15.17
founderlink-team-service          |  1 --- [team-service] [           main] o.apache.catalina.core.StandardService   : Starting service [Tomcat]
founderlink-user-service          | 	Default catalog/schema: users_db/public
founderlink-team-service          | 2026-03-27T16:48:37.152Z 2026-03-27 16:48:37 [main] INFO  o.a.catalina.core.StandardEngine - [,] - Starting Servlet engine: [Apache Tomcat/11.0.18]
founderlink-team-service          |  1 --- [team-service] [           main] o.apache.catalina.core.StandardEngine    : Starting Servlet engine: [Apache Tomcat/11.0.18]
founderlink-team-service          | 2026-03-27T16:48:37.481Z 2026-03-27 16:48:37 [main] INFO  o.s.b.w.c.s.WebApplicationContextInitializer - [,] - Root WebApplicationContext: initialization completed in 27534 ms
founderlink-team-service          |  1 --- [team-service] [           main] b.w.c.s.WebApplicationContextInitializer : Root WebApplicationContext: initialization completed in 27534 ms
founderlink-auth-service          | 	Maximum pool size: undefined/unknown
founderlink-investment-service    | 2026-03-27T16:48:54.078Z 2026-03-27 16:48:54 [main] INFO  org.hibernate.orm.core - [,] - HHH000489: No JTA platform available (set 'hibernate.transaction.jta.platform' to enable JTA platform integration)
founderlink-auth-service          | 2026-03-27T16:48:25.986Z 2026-03-27 16:48:25 [main] INFO  org.hibernate.orm.core - [,] - HHH000489: No JTA platform available (set 'hibernate.transaction.jta.platform' to enable JTA platform integration)
founderlink-investment-service    |  1 --- [investment-service] [           main] org.hibernate.orm.core                   : HHH000489: No JTA platform available (set 'hibernate.transaction.jta.platform' to enable JTA platform integration)
founderlink-investment-service    | 2026-03-27T16:48:54.210Z 2026-03-27 16:48:54 [main] INFO  o.s.o.j.LocalContainerEntityManagerFactoryBean - [,] - Initialized JPA EntityManagerFactory for persistence unit 'default'
founderlink-investment-service    |  1 --- [investment-service] [           main] j.LocalContainerEntityManagerFactoryBean : Initialized JPA EntityManagerFactory for persistence unit 'default'
founderlink-investment-service    | 2026-03-27T16:48:54.765Z 2026-03-27 16:48:54 [main] INFO  o.s.d.j.r.q.QueryEnhancerFactories - [,] - Hibernate is in classpath; If applicable, HQL parser will be used.
founderlink-investment-service    |  1 --- [investment-service] [           main] o.s.d.j.r.query.QueryEnhancerFactories   : Hibernate is in classpath; If applicable, HQL parser will be used.
founderlink-investment-service    | 2026-03-27T16:48:56.228Z 2026-03-27 16:48:56 [main] WARN  o.s.b.j.a.JpaBaseConfiguration$JpaWebConfiguration - [,] - spring.jpa.open-in-view is enabled by default. Therefore, database queries may be performed during view rendering. Explicitly configure spring.jpa.open-in-view to disable this warning
founderlink-investment-service    |  1 --- [investment-service] [           main] JpaBaseConfiguration$JpaWebConfiguration : spring.jpa.open-in-view is enabled by default. Therefore, database queries may be performed during view rendering. Explicitly configure spring.jpa.open-in-view to disable this warning
founderlink-investment-service    | 2026-03-27T16:48:56.526Z 2026-03-27 16:48:56 [main] INFO  o.s.c.o.FeignClientFactoryBean - [,] - For 'startup-service' URL not provided. Will try picking an instance via load-balancing.
founderlink-investment-service    |  1 --- [investment-service] [           main] o.s.c.openfeign.FeignClientFactoryBean   : For 'startup-service' URL not provided. Will try picking an instance via load-balancing.
founderlink-investment-service    | 2026-03-27T16:48:58.129Z 2026-03-27 16:48:58 [main] WARN  o.s.b.s.a.UserDetailsServiceAutoConfiguration - [,] - 
founderlink-investment-service    | 
founderlink-investment-service    | Using generated security password: 37328844-f616-4186-a061-f7c1b598f5c2
founderlink-investment-service    | 
founderlink-investment-service    | This generated password is for development use only. Your security configuration must be updated before running your application in production.
founderlink-team-service          | 2026-03-27T16:48:46.230Z 2026-03-27 16:48:46 [main] INFO  org.hibernate.orm.jpa - [,] - HHH008540: Processing PersistenceUnitInfo [name: default]
founderlink-investment-service    | 
founderlink-eureka-server         | 2026-03-27T16:39:29.932Z  INFO 1 --- [           main] c.example.demo.EurekaServerApplication   : The following 1 profile is active: "docker"
founderlink-eureka-server         | 2026-03-27T16:39:33.223Z  INFO 1 --- [           main] o.s.boot.tomcat.TomcatWebServer          : Tomcat initialized with port 8761 (http)
founderlink-eureka-server         | 2026-03-27T16:39:33.258Z  INFO 1 --- [           main] o.apache.catalina.core.StandardService   : Starting service [Tomcat]
founderlink-eureka-server         | 2026-03-27T16:39:33.259Z  INFO 1 --- [           main] o.apache.catalina.core.StandardEngine    : Starting Servlet engine: [Apache Tomcat/11.0.18]
founderlink-eureka-server         | 2026-03-27T16:39:33.336Z  INFO 1 --- [           main] b.w.c.s.WebApplicationContextInitializer : Root WebApplicationContext: initialization completed in 3256 ms
founderlink-eureka-server         | 2026-03-27T16:39:36.680Z  INFO 1 --- [           main] c.n.d.provider.DiscoveryJerseyProvider   : Using JSON encoding codec LegacyJacksonJson
founderlink-eureka-server         | 2026-03-27T16:39:36.680Z  INFO 1 --- [           main] c.n.d.provider.DiscoveryJerseyProvider   : Using JSON decoding codec LegacyJacksonJson
founderlink-eureka-server         | 2026-03-27T16:39:37.126Z  INFO 1 --- [           main] c.n.d.provider.DiscoveryJerseyProvider   : Using XML encoding codec XStreamXml
founderlink-eureka-server         | 2026-03-27T16:39:37.127Z  INFO 1 --- [           main] c.n.d.provider.DiscoveryJerseyProvider   : Using XML decoding codec XStreamXml
founderlink-eureka-server         | 2026-03-27T16:39:37.728Z  INFO 1 --- [           main] o.s.v.b.OptionalValidatorFactoryBean     : Failed to set up a Bean Validation provider: jakarta.validation.NoProviderFoundException: Unable to create a Configuration, because no Jakarta Validation provider could be found. Add a provider like Hibernate Validator (RI) to your classpath.
founderlink-eureka-server         | 2026-03-27T16:39:39.286Z  WARN 1 --- [           main] iguration$LoadBalancerCaffeineWarnLogger : Spring Cloud LoadBalancer is currently working with the default cache. While this cache implementation is useful for development and tests, it's recommended to use Caffeine cache in production.You can switch to using Caffeine cache, by adding it and org.springframework.cache.caffeine.CaffeineCacheManager to the classpath.
founderlink-eureka-server         | 2026-03-27T16:39:39.350Z  INFO 1 --- [           main] com.netflix.discovery.DiscoveryClient    : Initializing Eureka in region us-east-1
founderlink-eureka-server         | 2026-03-27T16:39:39.350Z  INFO 1 --- [           main] com.netflix.discovery.DiscoveryClient    : Client configured to neither register nor query for data.
founderlink-eureka-server         | 2026-03-27T16:39:39.352Z  INFO 1 --- [           main] com.netflix.discovery.DiscoveryClient    : Discovery Client initialized at timestamp 1774629579351 with initial instances count: 0
founderlink-eureka-server         | 2026-03-27T16:39:39.428Z  INFO 1 --- [           main] c.n.eureka.DefaultEurekaServerContext    : Initializing ...
founderlink-eureka-server         | 2026-03-27T16:39:39.431Z  WARN 1 --- [           main] c.n.eureka.cluster.PeerEurekaNodes       : The replica size seems to be empty. Check the route 53 DNS Registry
founderlink-api-gateway           | 2026-03-27T16:48:49.428Z 2026-03-27 16:48:49 [main] INFO  o.s.c.g.r.RouteDefinitionRouteLocator - [,] - Loaded RoutePredicateFactory [Header]
founderlink-auth-service          |  1 --- [auth-service] [           main] org.hibernate.orm.core                   : HHH000489: No JTA platform available (set 'hibernate.transaction.jta.platform' to enable JTA platform integration)
founderlink-messaging-service     |  1 --- [messaging-service] [           main] .s.d.r.c.RepositoryConfigurationDelegate : Finished Spring Data repository scanning in 596 ms. Found 1 MongoDB repository interface.
founderlink-eureka-server         | 2026-03-27T16:39:39.447Z  INFO 1 --- [           main] c.n.e.registry.AbstractInstanceRegistry  : Finished initializing remote region registries. All known remote regions: []
founderlink-eureka-server         | 2026-03-27T16:39:39.448Z  INFO 1 --- [           main] c.n.eureka.DefaultEurekaServerContext    : Initialized
founderlink-eureka-server         | 2026-03-27T16:39:39.463Z  INFO 1 --- [           main] o.s.b.a.e.web.EndpointLinksResolver      : Exposing 1 endpoint beneath base path '/actuator'
founderlink-eureka-server         | 2026-03-27T16:39:39.582Z  INFO 1 --- [       Thread-9] c.n.e.r.PeerAwareInstanceRegistryImpl    : Got 1 instances from neighboring DS node
founderlink-eureka-server         | 2026-03-27T16:39:39.582Z  INFO 1 --- [       Thread-9] c.n.e.r.PeerAwareInstanceRegistryImpl    : Renew threshold is: 1
founderlink-eureka-server         | 2026-03-27T16:39:39.582Z  INFO 1 --- [       Thread-9] c.n.e.r.PeerAwareInstanceRegistryImpl    : Changing status to UP
founderlink-eureka-server         | 2026-03-27T16:39:39.595Z  INFO 1 --- [           main] o.s.boot.tomcat.TomcatWebServer          : Tomcat started on port 8761 (http) with context path '/'
founderlink-eureka-server         | 2026-03-27T16:39:39.615Z  INFO 1 --- [           main] c.example.demo.EurekaServerApplication   : Started EurekaServerApplication in 10.826 seconds (process running for 12.246)
founderlink-eureka-server         | 2026-03-27T16:39:39.671Z  INFO 1 --- [           main] c.example.demo.EurekaServerApplication   : FounderLink Eureka Discovery Server started succefully!
founderlink-eureka-server         | 2026-03-27T16:39:42.673Z  INFO 1 --- [nio-8761-exec-1] o.a.c.c.C.[Tomcat].[localhost].[/]       : Initializing Spring DispatcherServlet 'dispatcherServlet'
founderlink-eureka-server         | 2026-03-27T16:39:42.673Z  INFO 1 --- [nio-8761-exec-1] o.s.web.servlet.DispatcherServlet        : Initializing Servlet 'dispatcherServlet'
founderlink-eureka-server         | 2026-03-27T16:39:42.675Z  INFO 1 --- [nio-8761-exec-1] o.s.web.servlet.DispatcherServlet        : Completed initialization in 2 ms
founderlink-eureka-server         | 2026-03-27T16:39:50.357Z  INFO 1 --- [nio-8761-exec-3] c.n.e.registry.AbstractInstanceRegistry  : Registered instance CONFIG-SERVER/d84f0db224bb:config-server:8888 with status UP (replication=false)
founderlink-eureka-server         | 2026-03-27T16:40:39.584Z  INFO 1 --- [a-EvictionTimer] c.n.e.registry.AbstractInstanceRegistry  : Running the evict task with compensationTime 0ms
founderlink-eureka-server         | 2026-03-27T16:40:47.786Z  INFO 1 --- [nio-8761-exec-6] c.n.e.registry.AbstractInstanceRegistry  : Registered instance STARTUP-SERVICE/20bfa59ab41a:startup-service:8083 with status UP (replication=false)
founderlink-rabbitmq              | 2026-03-27 16:39:34.012291+00:00 [info] <0.331.0> Enabling free disk space monitoring (disk free space: 47790710784, total memory: 24886886400)[0m
founderlink-auth-service          | 2026-03-27T16:48:26.218Z 2026-03-27 16:48:26 [main] INFO  o.s.o.j.LocalContainerEntityManagerFactoryBean - [,] - Initialized JPA EntityManagerFactory for persistence unit 'default'
founderlink-notification-service  |  1 --- [notification-service] [           main] iguration$LoadBalancerCaffeineWarnLogger : Spring Cloud LoadBalancer is currently working with the default cache. While this cache implementation is useful for development and tests, it's recommended to use Caffeine cache in production.You can switch to using Caffeine cache, by adding it and org.springframework.cache.caffeine.CaffeineCacheManager to the classpath.
founderlink-auth-service          |  1 --- [auth-service] [           main] j.LocalContainerEntityManagerFactoryBean : Initialized JPA EntityManagerFactory for persistence unit 'default'
founderlink-eureka-server         | 2026-03-27T16:41:11.748Z  INFO 1 --- [nio-8761-exec-2] c.n.e.registry.AbstractInstanceRegistry  : Registered instance NOTIFICATION-SERVICE/4eb1c039adbf:notification-service:8087 with status UP (replication=false)
founderlink-notification-service  | 2026-03-27T16:48:52.514Z 2026-03-27 16:48:52 [main] INFO  o.s.b.a.e.web.EndpointLinksResolver - [,] - Exposing 1 endpoint beneath base path '/actuator'
founderlink-notification-service  |  1 --- [notification-service] [           main] o.s.b.a.e.web.EndpointLinksResolver      : Exposing 1 endpoint beneath base path '/actuator'
founderlink-notification-service  | 2026-03-27T16:48:52.894Z 2026-03-27 16:48:52 [main] INFO  o.s.c.n.eureka.InstanceInfoFactory - [,] - Setting initial instance status as: STARTING
founderlink-notification-service  |  1 --- [notification-service] [           main] o.s.c.n.eureka.InstanceInfoFactory       : Setting initial instance status as: STARTING
founderlink-notification-service  | 2026-03-27T16:48:53.201Z 2026-03-27 16:48:53 [main] INFO  c.netflix.discovery.DiscoveryClient - [,] - Initializing Eureka in region us-east-1
founderlink-notification-service  |  1 --- [notification-service] [           main] com.netflix.discovery.DiscoveryClient    : Initializing Eureka in region us-east-1
founderlink-notification-service  | 2026-03-27T16:48:53.213Z 2026-03-27 16:48:53 [main] INFO  c.n.d.s.r.aws.ConfigClusterResolver - [,] - Resolving eureka endpoints via configuration
founderlink-notification-service  |  1 --- [notification-service] [           main] c.n.d.s.r.aws.ConfigClusterResolver      : Resolving eureka endpoints via configuration
founderlink-notification-service  | 2026-03-27T16:48:53.247Z 2026-03-27 16:48:53 [main] INFO  c.netflix.discovery.DiscoveryClient - [,] - Disable delta property : false
founderlink-notification-service  |  1 --- [notification-service] [           main] com.netflix.discovery.DiscoveryClient    : Disable delta property : false
founderlink-notification-service  | 2026-03-27T16:48:53.248Z 2026-03-27 16:48:53 [main] INFO  c.netflix.discovery.DiscoveryClient - [,] - Single vip registry refresh property : null
founderlink-notification-service  |  1 --- [notification-service] [           main] com.netflix.discovery.DiscoveryClient    : Single vip registry refresh property : null
founderlink-notification-service  | 2026-03-27T16:48:53.248Z 2026-03-27 16:48:53 [main] INFO  c.netflix.discovery.DiscoveryClient - [,] - Force full registry fetch : false
founderlink-notification-service  |  1 --- [notification-service] [           main] com.netflix.discovery.DiscoveryClient    : Force full registry fetch : false
founderlink-notification-service  | 2026-03-27T16:48:53.249Z 2026-03-27 16:48:53 [main] INFO  c.netflix.discovery.DiscoveryClient - [,] - Application is null : false
founderlink-notification-service  |  1 --- [notification-service] [           main] com.netflix.discovery.DiscoveryClient    : Application is null : false
founderlink-startup-service       | 2026-03-27T16:48:01.757Z 2026-03-27 16:48:01 [main] INFO  o.a.catalina.core.StandardEngine - [,] - Starting Servlet engine: [Apache Tomcat/11.0.18]
founderlink-startup-service       |  1 --- [startup-service] [           main] o.apache.catalina.core.StandardEngine    : Starting Servlet engine: [Apache Tomcat/11.0.18]
founderlink-startup-service       | 2026-03-27T16:48:01.862Z 2026-03-27 16:48:01 [main] INFO  o.s.b.w.c.s.WebApplicationContextInitializer - [,] - Root WebApplicationContext: initialization completed in 5678 ms
founderlink-startup-service       |  1 --- [startup-service] [           main] b.w.c.s.WebApplicationContextInitializer : Root WebApplicationContext: initialization completed in 5678 ms
founderlink-startup-service       | 2026-03-27T16:48:04.081Z 2026-03-27 16:48:04 [main] INFO  org.hibernate.orm.jpa - [,] - HHH008540: Processing PersistenceUnitInfo [name: default]
founderlink-startup-service       |  1 --- [startup-service] [           main] org.hibernate.orm.jpa                    : HHH008540: Processing PersistenceUnitInfo [name: default]
founderlink-startup-service       | 2026-03-27T16:48:04.281Z 2026-03-27 16:48:04 [main] INFO  org.hibernate.orm.core - [,] - HHH000001: Hibernate ORM core version 7.2.7.Final
founderlink-startup-service       |  1 --- [startup-service] [           main] org.hibernate.orm.core                   : HHH000001: Hibernate ORM core version 7.2.7.Final
founderlink-startup-service       | 2026-03-27T16:48:05.874Z 2026-03-27 16:48:05 [main] INFO  o.s.o.j.p.SpringPersistenceUnitInfo - [,] - No LoadTimeWeaver setup: ignoring JPA class transformer
founderlink-startup-service       |  1 --- [startup-service] [           main] o.s.o.j.p.SpringPersistenceUnitInfo      : No LoadTimeWeaver setup: ignoring JPA class transformer
founderlink-startup-service       | 2026-03-27T16:48:05.977Z 2026-03-27 16:48:05 [main] INFO  com.zaxxer.hikari.HikariDataSource - [,] - HikariPool-1 - Starting...
founderlink-startup-service       |  1 --- [startup-service] [           main] com.zaxxer.hikari.HikariDataSource       : HikariPool-1 - Starting...
founderlink-startup-service       | 2026-03-27T16:48:06.697Z 2026-03-27 16:48:06 [main] INFO  com.zaxxer.hikari.pool.HikariPool - [,] - HikariPool-1 - Added connection org.postgresql.jdbc.PgConnection@f111e97
founderlink-startup-service       |  1 --- [startup-service] [           main] com.zaxxer.hikari.pool.HikariPool        : HikariPool-1 - Added connection org.postgresql.jdbc.PgConnection@f111e97
founderlink-startup-service       | 2026-03-27T16:48:06.705Z 2026-03-27 16:48:06 [main] INFO  com.zaxxer.hikari.HikariDataSource - [,] - HikariPool-1 - Start completed.
founderlink-eureka-server         | 2026-03-27T16:41:22.439Z  INFO 1 --- [nio-8761-exec-9] c.n.e.registry.AbstractInstanceRegistry  : Registered instance USER-SERVICE/1fe346082e45:user-service:8082 with status UP (replication=false)
founderlink-notification-service  | 2026-03-27T16:48:53.249Z 2026-03-27 16:48:53 [main] INFO  c.netflix.discovery.DiscoveryClient - [,] - Registered Applications size is zero : true
founderlink-eureka-server         | 2026-03-27T16:41:30.183Z  INFO 1 --- [nio-8761-exec-2] c.n.e.registry.AbstractInstanceRegistry  : Registered instance MESSAGING-SERVICE/cf0445996aab:messaging-service:8086 with status UP (replication=false)
founderlink-notification-service  |  1 --- [notification-service] [           main] com.netflix.discovery.DiscoveryClient    : Registered Applications size is zero : true
founderlink-eureka-server         | 2026-03-27T16:41:33.108Z  INFO 1 --- [nio-8761-exec-4] c.n.e.registry.AbstractInstanceRegistry  : Registered instance API-GATEWAY/caebb88525cc:api-gateway:8080 with status UP (replication=false)
founderlink-notification-service  | 2026-03-27T16:48:53.250Z 2026-03-27 16:48:53 [main] INFO  c.netflix.discovery.DiscoveryClient - [,] - Application version is -1: true
founderlink-notification-service  |  1 --- [notification-service] [           main] com.netflix.discovery.DiscoveryClient    : Application version is -1: true
founderlink-notification-service  | 2026-03-27T16:48:53.250Z 2026-03-27 16:48:53 [main] INFO  c.netflix.discovery.DiscoveryClient - [,] - Getting all instance registry info from the eureka server
founderlink-notification-service  |  1 --- [notification-service] [           main] com.netflix.discovery.DiscoveryClient    : Getting all instance registry info from the eureka server
founderlink-notification-service  | 2026-03-27T16:48:54.110Z 2026-03-27 16:48:54 [main] INFO  c.netflix.discovery.DiscoveryClient - [,] - The response status is 200
founderlink-notification-service  |  1 --- [notification-service] [           main] com.netflix.discovery.DiscoveryClient    : The response status is 200
founderlink-notification-service  | 2026-03-27T16:48:54.116Z 2026-03-27 16:48:54 [main] INFO  c.netflix.discovery.DiscoveryClient - [,] - Starting heartbeat executor: renew interval is: 30
founderlink-notification-service  |  1 --- [notification-service] [           main] com.netflix.discovery.DiscoveryClient    : Starting heartbeat executor: renew interval is: 30
founderlink-notification-service  | 2026-03-27T16:48:54.123Z 2026-03-27 16:48:54 [main] INFO  c.n.discovery.InstanceInfoReplicator - [,] - InstanceInfoReplicator onDemand update allowed rate per min is 4
founderlink-notification-service  |  1 --- [notification-service] [           main] c.n.discovery.InstanceInfoReplicator     : InstanceInfoReplicator onDemand update allowed rate per min is 4
founderlink-notification-service  | 2026-03-27T16:48:54.128Z 2026-03-27 16:48:54 [main] INFO  c.netflix.discovery.DiscoveryClient - [,] - Discovery Client initialized at timestamp 1774630134126 with initial instances count: 1
founderlink-notification-service  |  1 --- [notification-service] [           main] com.netflix.discovery.DiscoveryClient    : Discovery Client initialized at timestamp 1774630134126 with initial instances count: 1
founderlink-notification-service  | 2026-03-27T16:48:54.139Z 2026-03-27 16:48:54 [main] INFO  o.s.c.n.e.s.EurekaServiceRegistry - [,] - Registering application NOTIFICATION-SERVICE with eureka with status UP
founderlink-notification-service  |  1 --- [notification-service] [           main] o.s.c.n.e.s.EurekaServiceRegistry        : Registering application NOTIFICATION-SERVICE with eureka with status UP
founderlink-team-service          |  1 --- [team-service] [           main] org.hibernate.orm.jpa                    : HHH008540: Processing PersistenceUnitInfo [name: default]
founderlink-auth-service          | 2026-03-27T16:48:26.545Z 2026-03-27 16:48:26 [main] INFO  o.s.d.j.r.q.QueryEnhancerFactories - [,] - Hibernate is in classpath; If applicable, HQL parser will be used.
founderlink-team-service          | 2026-03-27T16:48:46.372Z 2026-03-27 16:48:46 [main] INFO  org.hibernate.orm.core - [,] - HHH000001: Hibernate ORM core version 7.2.7.Final
founderlink-team-service          |  1 --- [team-service] [           main] org.hibernate.orm.core                   : HHH000001: Hibernate ORM core version 7.2.7.Final
founderlink-team-service          | 2026-03-27T16:48:48.239Z 2026-03-27 16:48:48 [main] INFO  o.s.o.j.p.SpringPersistenceUnitInfo - [,] - No LoadTimeWeaver setup: ignoring JPA class transformer
founderlink-team-service          |  1 --- [team-service] [           main] o.s.o.j.p.SpringPersistenceUnitInfo      : No LoadTimeWeaver setup: ignoring JPA class transformer
founderlink-team-service          | 2026-03-27T16:48:48.362Z 2026-03-27 16:48:48 [main] INFO  com.zaxxer.hikari.HikariDataSource - [,] - HikariPool-1 - Starting...
founderlink-team-service          |  1 --- [team-service] [           main] com.zaxxer.hikari.HikariDataSource       : HikariPool-1 - Starting...
founderlink-team-service          | 2026-03-27T16:48:49.077Z 2026-03-27 16:48:49 [main] INFO  com.zaxxer.hikari.pool.HikariPool - [,] - HikariPool-1 - Added connection org.postgresql.jdbc.PgConnection@65145fb7
founderlink-team-service          |  1 --- [team-service] [           main] com.zaxxer.hikari.pool.HikariPool        : HikariPool-1 - Added connection org.postgresql.jdbc.PgConnection@65145fb7
founderlink-team-service          | 2026-03-27T16:48:49.082Z 2026-03-27 16:48:49 [main] INFO  com.zaxxer.hikari.HikariDataSource - [,] - HikariPool-1 - Start completed.
founderlink-team-service          |  1 --- [team-service] [           main] com.zaxxer.hikari.HikariDataSource       : HikariPool-1 - Start completed.
founderlink-team-service          | 2026-03-27T16:48:49.309Z 2026-03-27 16:48:49 [main] INFO  o.hibernate.orm.connections.pooling - [,] - HHH10001005: Database info:
founderlink-team-service          | 	Database JDBC URL [jdbc:postgresql://founderlink-postgres:5432/teams_db]
founderlink-team-service          | 	Database driver: PostgreSQL JDBC Driver
founderlink-team-service          | 	Database dialect: PostgreSQLDialect
founderlink-investment-service    |  1 --- [investment-service] [           main] .s.a.UserDetailsServiceAutoConfiguration : 
founderlink-team-service          | 	Database version: 15.17
founderlink-rabbitmq              | 2026-03-27 16:39:34.012422+00:00 [info] <0.331.0> Disk free limit set to 50MB[0m
founderlink-config-server         | 2026-03-27T16:47:51.962Z  INFO 1 --- [config-server] [nio-8888-exec-1] o.s.c.c.s.e.NativeEnvironmentRepository  : Adding property source: Config resource 'file [/tmp/config-repo-8271535918126537454/user-service.yml]' via location 'file:/tmp/config-repo-8271535918126537454/'
founderlink-rabbitmq              | 2026-03-27 16:39:34.014660+00:00 [info] <0.254.0> Running boot step code_server_cache defined by app rabbit[0m
founderlink-rabbitmq              | 2026-03-27 16:39:34.014808+00:00 [info] <0.254.0> Running boot step file_handle_cache defined by app rabbit[0m
founderlink-rabbitmq              | 2026-03-27 16:39:34.022080+00:00 [info] <0.334.0> Limiting to approx 927 file handles (832 sockets)[0m
founderlink-rabbitmq              | 2026-03-27 16:39:34.022534+00:00 [info] <0.335.0> FHC read buffering: OFF[0m
founderlink-rabbitmq              | 2026-03-27 16:39:34.022609+00:00 [info] <0.335.0> FHC write buffering: ON[0m
founderlink-rabbitmq              | 2026-03-27 16:39:34.023352+00:00 [info] <0.254.0> Running boot step worker_pool defined by app rabbit[0m
founderlink-rabbitmq              | 2026-03-27 16:39:34.023479+00:00 [info] <0.315.0> Will use 16 processes for default worker pool[0m
founderlink-rabbitmq              | 2026-03-27 16:39:34.023533+00:00 [info] <0.315.0> Starting worker pool 'worker_pool' with 16 processes in it[0m
founderlink-rabbitmq              | 2026-03-27 16:39:34.024216+00:00 [info] <0.254.0> Running boot step database defined by app rabbit[0m
founderlink-rabbitmq              | 2026-03-27 16:39:34.024699+00:00 [info] <0.254.0> Peer discovery: configured backend: rabbit_peer_discovery_classic_config[0m
founderlink-rabbitmq              | [38;5;87m2026-03-27 16:39:34.025650+00:00 [notice] <0.316.0> Feature flags: attempt to enable `detailed_queues_endpoint`...[0m
founderlink-rabbitmq              | [38;5;87m2026-03-27 16:39:34.165560+00:00 [notice] <0.316.0> Feature flags: `detailed_queues_endpoint` enabled[0m
founderlink-rabbitmq              | [38;5;87m2026-03-27 16:39:34.165767+00:00 [notice] <0.316.0> Feature flags: attempt to enable `quorum_queue_non_voters`...[0m
founderlink-rabbitmq              | [38;5;87m2026-03-27 16:39:34.306621+00:00 [notice] <0.316.0> Feature flags: `quorum_queue_non_voters` enabled[0m
founderlink-investment-service    | 
founderlink-rabbitmq              | [38;5;87m2026-03-27 16:39:34.306846+00:00 [notice] <0.316.0> Feature flags: attempt to enable `stream_update_config_command`...[0m
founderlink-auth-service          |  1 --- [auth-service] [           main] o.s.d.j.r.query.QueryEnhancerFactories   : Hibernate is in classpath; If applicable, HQL parser will be used.
founderlink-messaging-service     | 2026-03-27T16:48:15.544Z 2026-03-27 16:48:15 [main] INFO  o.s.cloud.context.scope.GenericScope - [,] - BeanFactory id=ff8ced16-33a5-3d79-ac2f-c86cfb9f47e2
founderlink-auth-service          | 2026-03-27T16:48:31.827Z 2026-03-27 16:48:31 [main] INFO  o.s.s.c.a.a.c.InitializeAuthenticationProviderBeanManagerConfigurer$InitializeAuthenticationProviderManagerConfigurer - [,] - Global AuthenticationManager configured with AuthenticationProvider bean with name authenticationProvider
founderlink-messaging-service     |  1 --- [messaging-service] [           main] o.s.cloud.context.scope.GenericScope     : BeanFactory id=ff8ced16-33a5-3d79-ac2f-c86cfb9f47e2
founderlink-messaging-service     | 2026-03-27T16:48:19.646Z 2026-03-27 16:48:19 [main] INFO  o.s.boot.tomcat.TomcatWebServer - [,] - Tomcat initialized with port 8086 (http)
founderlink-messaging-service     |  1 --- [messaging-service] [           main] o.s.boot.tomcat.TomcatWebServer          : Tomcat initialized with port 8086 (http)
founderlink-messaging-service     | 2026-03-27T16:48:19.992Z 2026-03-27 16:48:19 [main] INFO  o.a.catalina.core.StandardService - [,] - Starting service [Tomcat]
founderlink-messaging-service     |  1 --- [messaging-service] [           main] o.apache.catalina.core.StandardService   : Starting service [Tomcat]
founderlink-messaging-service     | 2026-03-27T16:48:20.001Z 2026-03-27 16:48:20 [main] INFO  o.a.catalina.core.StandardEngine - [,] - Starting Servlet engine: [Apache Tomcat/11.0.18]
founderlink-messaging-service     |  1 --- [messaging-service] [           main] o.apache.catalina.core.StandardEngine    : Starting Servlet engine: [Apache Tomcat/11.0.18]
founderlink-messaging-service     | 2026-03-27T16:48:20.487Z 2026-03-27 16:48:20 [main] INFO  o.s.b.w.c.s.WebApplicationContextInitializer - [,] - Root WebApplicationContext: initialization completed in 16677 ms
founderlink-messaging-service     |  1 --- [messaging-service] [           main] b.w.c.s.WebApplicationContextInitializer : Root WebApplicationContext: initialization completed in 16677 ms
founderlink-messaging-service     | 2026-03-27T16:48:25.791Z 2026-03-27 16:48:25 [main] INFO  org.mongodb.driver.client - [,] - MongoClient with metadata {"driver": {"name": "mongo-java-driver|spring-boot|sync", "version": "5.6.4"}, "os": {"type": "Linux", "name": "Linux", "architecture": "amd64", "version": "6.17.0-19-generic"}, "platform": "Java/Eclipse Adoptium/17.0.18+8", "env": {"container": {"runtime": "docker"}}} created with settings MongoClientSettings{readPreference=primary, writeConcern=WriteConcern{w=null, wTimeout=null ms, journal=null}, retryWrites=true, retryReads=true, readConcern=ReadConcern{level=null}, credential=null, transportSettings=null, commandListeners=[io.micrometer.core.instrument.binder.mongodb.MongoMetricsCommandListener@5c16561a], codecRegistry=ProvidersCodecRegistry{codecProviders=[ValueCodecProvider{}, BsonValueCodecProvider{}, DBRefCodecProvider{}, DBObjectCodecProvider{}, DocumentCodecProvider{}, CollectionCodecProvider{}, IterableCodecProvider{}, MapCodecProvider{}, GeoJsonCodecProvider{}, GridFSFileCodecProvider{}, Jsr310CodecProvider{}, JsonObjectCodecProvider{}, BsonCodecProvider{}, com.mongodb.client.model.mql.ExpressionCodecProvider@5819ee0f, com.mongodb.Jep395RecordCodecProvider@f310675, com.mongodb.KotlinCodecProvider@424ec990, EnumCodecProvider{}]}, loggerSettings=LoggerSettings{maxDocumentLength=1000}, clusterSettings={hosts=[localhost:27017], srvServiceName=mongodb, mode=SINGLE, requiredClusterType=UNKNOWN, requiredReplicaSetName='null', serverSelector='null', clusterListeners='[]', serverSelectionTimeout='30000 ms', localThreshold='15 ms'}, socketSettings=SocketSettings{connectTimeoutMS=10000, readTimeoutMS=0, receiveBufferSize=0, proxySettings=ProxySettings{host=null, port=null, username=null, password=null}}, heartbeatSocketSettings=SocketSettings{connectTimeoutMS=10000, readTimeoutMS=10000, receiveBufferSize=0, proxySettings=ProxySettings{host=null, port=null, username=null, password=null}}, connectionPoolSettings=ConnectionPoolSettings{maxSize=100, minSize=0, maxWaitTimeMS=120000, maxConnectionLifeTimeMS=0, maxConnectionIdleTimeMS=0, maintenanceInitialDelayMS=0, maintenanceFrequencyMS=60000, connectionPoolListeners=[io.micrometer.core.instrument.binder.mongodb.MongoMetricsConnectionPoolListener@2c06e145], maxConnecting=2}, serverSettings=ServerSettings{heartbeatFrequencyMS=10000, minHeartbeatFrequencyMS=500, serverMonitoringMode=AUTO, serverListeners='[]', serverMonitorListeners='[]'}, sslSettings=SslSettings{enabled=false, invalidHostNameAllowed=false, context=null}, applicationName='null', compressorList=[], uuidRepresentation=UNSPECIFIED, serverApi=null, autoEncryptionSettings=null, dnsClient=null, inetAddressResolver=null, contextProvider=null, timeoutMS=null}
founderlink-messaging-service     |  1 --- [messaging-service] [           main] org.mongodb.driver.client                : MongoClient with metadata {"driver": {"name": "mongo-java-driver|spring-boot|sync", "version": "5.6.4"}, "os": {"type": "Linux", "name": "Linux", "architecture": "amd64", "version": "6.17.0-19-generic"}, "platform": "Java/Eclipse Adoptium/17.0.18+8", "env": {"container": {"runtime": "docker"}}} created with settings MongoClientSettings{readPreference=primary, writeConcern=WriteConcern{w=null, wTimeout=null ms, journal=null}, retryWrites=true, retryReads=true, readConcern=ReadConcern{level=null}, credential=null, transportSettings=null, commandListeners=[io.micrometer.core.instrument.binder.mongodb.MongoMetricsCommandListener@5c16561a], codecRegistry=ProvidersCodecRegistry{codecProviders=[ValueCodecProvider{}, BsonValueCodecProvider{}, DBRefCodecProvider{}, DBObjectCodecProvider{}, DocumentCodecProvider{}, CollectionCodecProvider{}, IterableCodecProvider{}, MapCodecProvider{}, GeoJsonCodecProvider{}, GridFSFileCodecProvider{}, Jsr310CodecProvider{}, JsonObjectCodecProvider{}, BsonCodecProvider{}, com.mongodb.client.model.mql.ExpressionCodecProvider@5819ee0f, com.mongodb.Jep395RecordCodecProvider@f310675, com.mongodb.KotlinCodecProvider@424ec990, EnumCodecProvider{}]}, loggerSettings=LoggerSettings{maxDocumentLength=1000}, clusterSettings={hosts=[localhost:27017], srvServiceName=mongodb, mode=SINGLE, requiredClusterType=UNKNOWN, requiredReplicaSetName='null', serverSelector='null', clusterListeners='[]', serverSelectionTimeout='30000 ms', localThreshold='15 ms'}, socketSettings=SocketSettings{connectTimeoutMS=10000, readTimeoutMS=0, receiveBufferSize=0, proxySettings=ProxySettings{host=null, port=null, username=null, password=null}}, heartbeatSocketSettings=SocketSettings{connectTimeoutMS=10000, readTimeoutMS=10000, receiveBufferSize=0, proxySettings=ProxySettings{host=null, port=null, username=null, password=null}}, connectionPoolSettings=ConnectionPoolSettings{maxSize=100, minSize=0, maxWaitTimeMS=120000, maxConnectionLifeTimeMS=0, maxConnectionIdleTimeMS=0, maintenanceInitialDelayMS=0, maintenanceFrequencyMS=60000, connectionPoolListeners=[io.micrometer.core.instrument.binder.mongodb.MongoMetricsConnectionPoolListener@2c06e145], maxConnecting=2}, serverSettings=ServerSettings{heartbeatFrequencyMS=10000, minHeartbeatFrequencyMS=500, serverMonitoringMode=AUTO, serverListeners='[]', serverMonitorListeners='[]'}, sslSettings=SslSettings{enabled=false, invalidHostNameAllowed=false, context=null}, applicationName='null', compressorList=[], uuidRepresentation=UNSPECIFIED, serverApi=null, autoEncryptionSettings=null, dnsClient=null, inetAddressResolver=null, contextProvider=null, timeoutMS=null}
founderlink-auth-service          |  1 --- [auth-service] [           main] eAuthenticationProviderManagerConfigurer : Global AuthenticationManager configured with AuthenticationProvider bean with name authenticationProvider
founderlink-eureka-server         | 2026-03-27T16:41:39.583Z  INFO 1 --- [a-EvictionTimer] c.n.e.registry.AbstractInstanceRegistry  : Running the evict task with compensationTime 0ms
founderlink-eureka-server         | 2026-03-27T16:41:42.443Z  INFO 1 --- [nio-8761-exec-9] c.n.e.registry.AbstractInstanceRegistry  : Registered instance AUTH-SERVICE/19a4efa75689:auth-service:8081 with status UP (replication=false)
founderlink-eureka-server         | 2026-03-27T16:41:43.153Z  INFO 1 --- [nio-8761-exec-1] c.n.e.registry.AbstractInstanceRegistry  : Registered instance INVESTMENT-SERVICE/6cf4b8719113:investment-service:8084 with status UP (replication=false)
founderlink-eureka-server         | 2026-03-27T16:41:43.907Z  INFO 1 --- [nio-8761-exec-3] c.n.e.registry.AbstractInstanceRegistry  : Registered instance TEAM-SERVICE/39ea98f8459b:team-service:8085 with status UP (replication=false)
founderlink-eureka-server         | 2026-03-27T16:42:39.583Z  INFO 1 --- [a-EvictionTimer] c.n.e.registry.AbstractInstanceRegistry  : Running the evict task with compensationTime 0ms
founderlink-eureka-server         | 2026-03-27T16:42:49.188Z  INFO 1 --- [nio-8761-exec-9] c.n.e.registry.AbstractInstanceRegistry  : Registered instance API-GATEWAY/caebb88525cc:api-gateway:8080 with status DOWN (replication=false)
founderlink-eureka-server         | 2026-03-27T16:42:54.215Z  INFO 1 --- [nio-8761-exec-4] c.n.e.registry.AbstractInstanceRegistry  : Cancelled instance API-GATEWAY/caebb88525cc:api-gateway:8080 (replication=false)
founderlink-eureka-server         | 2026-03-27T16:43:09.787Z  INFO 1 --- [nio-8761-exec-3] c.n.e.registry.AbstractInstanceRegistry  : Registered instance API-GATEWAY/0945f76a4dbd:api-gateway:8080 with status UP (replication=false)
founderlink-eureka-server         | 2026-03-27T16:43:39.583Z  INFO 1 --- [a-EvictionTimer] c.n.e.registry.AbstractInstanceRegistry  : Running the evict task with compensationTime 0ms
founderlink-eureka-server         | 2026-03-27T16:44:39.583Z  INFO 1 --- [a-EvictionTimer] c.n.e.registry.AbstractInstanceRegistry  : Running the evict task with compensationTime 0ms
founderlink-eureka-server         | 2026-03-27T16:45:39.583Z  INFO 1 --- [a-EvictionTimer] c.n.e.registry.AbstractInstanceRegistry  : Running the evict task with compensationTime 0ms
founderlink-eureka-server         | 2026-03-27T16:46:39.583Z  INFO 1 --- [a-EvictionTimer] c.n.e.registry.AbstractInstanceRegistry  : Running the evict task with compensationTime 0ms
founderlink-eureka-server         | 2026-03-27T16:47:10.491Z  INFO 1 --- [nio-8761-exec-1] c.n.e.registry.AbstractInstanceRegistry  : Registered instance AUTH-SERVICE/19a4efa75689:auth-service:8081 with status DOWN (replication=false)
founderlink-eureka-server         | 2026-03-27T16:47:10.510Z  INFO 1 --- [nio-8761-exec-2] c.n.e.registry.AbstractInstanceRegistry  : Registered instance STARTUP-SERVICE/20bfa59ab41a:startup-service:8083 with status DOWN (replication=false)
founderlink-startup-service       |  1 --- [startup-service] [           main] com.zaxxer.hikari.HikariDataSource       : HikariPool-1 - Start completed.
founderlink-notification-service  | 2026-03-27T16:48:54.141Z 2026-03-27 16:48:54 [main] INFO  c.netflix.discovery.DiscoveryClient - [,] - Saw local status change event StatusChangeEvent [timestamp=1774630134140, current=UP, previous=STARTING]
founderlink-startup-service       | 2026-03-27T16:48:06.850Z 2026-03-27 16:48:06 [main] WARN  org.hibernate.orm.deprecation - [,] - HHH90000025: PostgreSQLDialect does not need to be specified explicitly using 'hibernate.dialect' (remove the property setting and it will be selected by default)
founderlink-startup-service       |  1 --- [startup-service] [           main] org.hibernate.orm.deprecation            : HHH90000025: PostgreSQLDialect does not need to be specified explicitly using 'hibernate.dialect' (remove the property setting and it will be selected by default)
founderlink-startup-service       | 2026-03-27T16:48:06.994Z 2026-03-27 16:48:06 [main] INFO  o.hibernate.orm.connections.pooling - [,] - HHH10001005: Database info:
founderlink-startup-service       | 	Database JDBC URL [jdbc:postgresql://founderlink-postgres:5432/startups_db]
founderlink-startup-service       | 	Database driver: PostgreSQL JDBC Driver
founderlink-startup-service       | 	Database dialect: PostgreSQLDialect
founderlink-startup-service       | 	Database version: 15.17
founderlink-startup-service       | 	Default catalog/schema: startups_db/public
founderlink-startup-service       | 	Autocommit mode: undefined/unknown
founderlink-startup-service       | 	Isolation level: READ_COMMITTED [default READ_COMMITTED]
founderlink-startup-service       | 	JDBC fetch size: none
founderlink-startup-service       | 	Pool: DataSourceConnectionProvider
founderlink-startup-service       | 	Minimum pool size: undefined/unknown
founderlink-startup-service       | 	Maximum pool size: undefined/unknown
founderlink-startup-service       |  1 --- [startup-service] [           main] org.hibernate.orm.connections.pooling    : HHH10001005: Database info:
founderlink-startup-service       | 	Database JDBC URL [jdbc:postgresql://founderlink-postgres:5432/startups_db]
founderlink-investment-service    | Using generated security password: 37328844-f616-4186-a061-f7c1b598f5c2
founderlink-startup-service       | 	Database driver: PostgreSQL JDBC Driver
founderlink-investment-service    | 
founderlink-investment-service    | This generated password is for development use only. Your security configuration must be updated before running your application in production.
founderlink-investment-service    | 
founderlink-investment-service    | 2026-03-27T16:48:58.157Z 2026-03-27 16:48:58 [main] INFO  o.s.s.c.a.a.c.InitializeUserDetailsBeanManagerConfigurer$InitializeUserDetailsManagerConfigurer - [,] - Global AuthenticationManager configured with UserDetailsService bean with name inMemoryUserDetailsManager
founderlink-investment-service    |  1 --- [investment-service] [           main] r$InitializeUserDetailsManagerConfigurer : Global AuthenticationManager configured with UserDetailsService bean with name inMemoryUserDetailsManager
founderlink-investment-service    | 2026-03-27T16:49:01.726Z 2026-03-27 16:49:01 [main] INFO  o.s.c.n.e.c.DiscoveryClientOptionalArgsConfiguration - [,] - Eureka HTTP Client uses RestClient.
founderlink-investment-service    |  1 --- [investment-service] [           main] DiscoveryClientOptionalArgsConfiguration : Eureka HTTP Client uses RestClient.
founderlink-investment-service    | 2026-03-27T16:49:01.836Z 2026-03-27 16:49:01 [main] WARN  o.s.c.l.c.LoadBalancerCacheAutoConfiguration$LoadBalancerCaffeineWarnLogger - [,] - Spring Cloud LoadBalancer is currently working with the default cache. While this cache implementation is useful for development and tests, it's recommended to use Caffeine cache in production.You can switch to using Caffeine cache, by adding it and org.springframework.cache.caffeine.CaffeineCacheManager to the classpath.
founderlink-investment-service    |  1 --- [investment-service] [           main] iguration$LoadBalancerCaffeineWarnLogger : Spring Cloud LoadBalancer is currently working with the default cache. While this cache implementation is useful for development and tests, it's recommended to use Caffeine cache in production.You can switch to using Caffeine cache, by adding it and org.springframework.cache.caffeine.CaffeineCacheManager to the classpath.
founderlink-investment-service    | 2026-03-27T16:49:01.855Z 2026-03-27 16:49:01 [main] INFO  o.s.b.a.e.web.EndpointLinksResolver - [,] - Exposing 1 endpoint beneath base path '/actuator'
founderlink-investment-service    |  1 --- [investment-service] [           main] o.s.b.a.e.web.EndpointLinksResolver      : Exposing 1 endpoint beneath base path '/actuator'
founderlink-investment-service    | 2026-03-27T16:49:01.933Z 2026-03-27 16:49:01 [main] INFO  o.s.c.n.eureka.InstanceInfoFactory - [,] - Setting initial instance status as: STARTING
founderlink-user-service          | 	Autocommit mode: undefined/unknown
founderlink-investment-service    |  1 --- [investment-service] [           main] o.s.c.n.eureka.InstanceInfoFactory       : Setting initial instance status as: STARTING
founderlink-eureka-server         | 2026-03-27T16:47:10.616Z  INFO 1 --- [nio-8761-exec-4] c.n.e.registry.AbstractInstanceRegistry  : Registered instance MESSAGING-SERVICE/cf0445996aab:messaging-service:8086 with status DOWN (replication=false)
founderlink-investment-service    | 2026-03-27T16:49:01.959Z 2026-03-27 16:49:01 [main] INFO  c.netflix.discovery.DiscoveryClient - [,] - Initializing Eureka in region us-east-1
founderlink-investment-service    |  1 --- [investment-service] [           main] com.netflix.discovery.DiscoveryClient    : Initializing Eureka in region us-east-1
founderlink-investment-service    | 2026-03-27T16:49:01.963Z 2026-03-27 16:49:01 [main] INFO  c.n.d.s.r.aws.ConfigClusterResolver - [,] - Resolving eureka endpoints via configuration
founderlink-investment-service    |  1 --- [investment-service] [           main] c.n.d.s.r.aws.ConfigClusterResolver      : Resolving eureka endpoints via configuration
founderlink-investment-service    | 2026-03-27T16:49:01.971Z 2026-03-27 16:49:01 [main] INFO  c.netflix.discovery.DiscoveryClient - [,] - Disable delta property : false
founderlink-investment-service    |  1 --- [investment-service] [           main] com.netflix.discovery.DiscoveryClient    : Disable delta property : false
founderlink-investment-service    | 2026-03-27T16:49:01.972Z 2026-03-27 16:49:01 [main] INFO  c.netflix.discovery.DiscoveryClient - [,] - Single vip registry refresh property : null
founderlink-investment-service    |  1 --- [investment-service] [           main] com.netflix.discovery.DiscoveryClient    : Single vip registry refresh property : null
founderlink-investment-service    | 2026-03-27T16:49:01.972Z 2026-03-27 16:49:01 [main] INFO  c.netflix.discovery.DiscoveryClient - [,] - Force full registry fetch : false
founderlink-investment-service    |  1 --- [investment-service] [           main] com.netflix.discovery.DiscoveryClient    : Force full registry fetch : false
founderlink-investment-service    | 2026-03-27T16:49:01.972Z 2026-03-27 16:49:01 [main] INFO  c.netflix.discovery.DiscoveryClient - [,] - Application is null : false
founderlink-investment-service    |  1 --- [investment-service] [           main] com.netflix.discovery.DiscoveryClient    : Application is null : false
founderlink-investment-service    | 2026-03-27T16:49:01.972Z 2026-03-27 16:49:01 [main] INFO  c.netflix.discovery.DiscoveryClient - [,] - Registered Applications size is zero : true
founderlink-investment-service    |  1 --- [investment-service] [           main] com.netflix.discovery.DiscoveryClient    : Registered Applications size is zero : true
founderlink-investment-service    | 2026-03-27T16:49:01.972Z 2026-03-27 16:49:01 [main] INFO  c.netflix.discovery.DiscoveryClient - [,] - Application version is -1: true
founderlink-investment-service    |  1 --- [investment-service] [           main] com.netflix.discovery.DiscoveryClient    : Application version is -1: true
founderlink-investment-service    | 2026-03-27T16:49:01.972Z 2026-03-27 16:49:01 [main] INFO  c.netflix.discovery.DiscoveryClient - [,] - Getting all instance registry info from the eureka server
founderlink-investment-service    |  1 --- [investment-service] [           main] com.netflix.discovery.DiscoveryClient    : Getting all instance registry info from the eureka server
founderlink-investment-service    | 2026-03-27T16:49:02.181Z 2026-03-27 16:49:02 [main] INFO  c.netflix.discovery.DiscoveryClient - [,] - The response status is 200
founderlink-investment-service    |  1 --- [investment-service] [           main] com.netflix.discovery.DiscoveryClient    : The response status is 200
founderlink-investment-service    | 2026-03-27T16:49:02.182Z 2026-03-27 16:49:02 [main] INFO  c.netflix.discovery.DiscoveryClient - [,] - Starting heartbeat executor: renew interval is: 30
founderlink-investment-service    |  1 --- [investment-service] [           main] com.netflix.discovery.DiscoveryClient    : Starting heartbeat executor: renew interval is: 30
founderlink-investment-service    | 2026-03-27T16:49:02.184Z 2026-03-27 16:49:02 [main] INFO  c.n.discovery.InstanceInfoReplicator - [,] - InstanceInfoReplicator onDemand update allowed rate per min is 4
founderlink-investment-service    |  1 --- [investment-service] [           main] c.n.discovery.InstanceInfoReplicator     : InstanceInfoReplicator onDemand update allowed rate per min is 4
founderlink-investment-service    | 2026-03-27T16:49:02.185Z 2026-03-27 16:49:02 [main] INFO  c.netflix.discovery.DiscoveryClient - [,] - Discovery Client initialized at timestamp 1774630142185 with initial instances count: 7
founderlink-investment-service    |  1 --- [investment-service] [           main] com.netflix.discovery.DiscoveryClient    : Discovery Client initialized at timestamp 1774630142185 with initial instances count: 7
founderlink-user-service          | 	Isolation level: READ_COMMITTED [default READ_COMMITTED]
founderlink-investment-service    | 2026-03-27T16:49:02.193Z 2026-03-27 16:49:02 [main] INFO  o.s.c.n.e.s.EurekaServiceRegistry - [,] - Registering application INVESTMENT-SERVICE with eureka with status UP
founderlink-config-server         | 2026-03-27T16:47:52.992Z  INFO 1 --- [config-server] [nio-8888-exec-4] o.s.c.c.s.e.NativeEnvironmentRepository  : Adding property source: Config resource 'file [/tmp/config-repo-8271535918126537454/investment-service.yml]' via location 'file:/tmp/config-repo-8271535918126537454/'
founderlink-rabbitmq              | [38;5;87m2026-03-27 16:39:34.426397+00:00 [notice] <0.316.0> Feature flags: `stream_update_config_command` enabled[0m
founderlink-team-service          | 	Default catalog/schema: teams_db/public
founderlink-rabbitmq              | [38;5;87m2026-03-27 16:39:34.426799+00:00 [notice] <0.316.0> Feature flags: attempt to enable `stream_filtering`...[0m
founderlink-eureka-server         | 2026-03-27T16:47:10.619Z  INFO 1 --- [nio-8761-exec-6] c.n.e.registry.AbstractInstanceRegistry  : Registered instance TEAM-SERVICE/39ea98f8459b:team-service:8085 with status DOWN (replication=false)
founderlink-eureka-server         | 2026-03-27T16:47:10.639Z  INFO 1 --- [nio-8761-exec-5] c.n.e.registry.AbstractInstanceRegistry  : Registered instance USER-SERVICE/1fe346082e45:user-service:8082 with status DOWN (replication=false)
founderlink-eureka-server         | 2026-03-27T16:47:10.644Z  INFO 1 --- [nio-8761-exec-7] c.n.e.registry.AbstractInstanceRegistry  : Registered instance INVESTMENT-SERVICE/6cf4b8719113:investment-service:8084 with status DOWN (replication=false)
founderlink-eureka-server         | 2026-03-27T16:47:10.658Z  INFO 1 --- [nio-8761-exec-8] c.n.e.registry.AbstractInstanceRegistry  : Registered instance NOTIFICATION-SERVICE/4eb1c039adbf:notification-service:8087 with status DOWN (replication=false)
founderlink-eureka-server         | 2026-03-27T16:47:13.519Z  INFO 1 --- [nio-8761-exec-6] c.n.e.registry.AbstractInstanceRegistry  : Cancelled instance AUTH-SERVICE/19a4efa75689:auth-service:8081 (replication=false)
founderlink-eureka-server         | 2026-03-27T16:47:13.550Z  INFO 1 --- [nio-8761-exec-5] c.n.e.registry.AbstractInstanceRegistry  : Cancelled instance STARTUP-SERVICE/20bfa59ab41a:startup-service:8083 (replication=false)
founderlink-eureka-server         | 2026-03-27T16:47:13.661Z  INFO 1 --- [nio-8761-exec-3] c.n.e.registry.AbstractInstanceRegistry  : Cancelled instance MESSAGING-SERVICE/cf0445996aab:messaging-service:8086 (replication=false)
founderlink-eureka-server         | 2026-03-27T16:47:13.680Z  INFO 1 --- [nio-8761-exec-1] c.n.e.registry.AbstractInstanceRegistry  : Cancelled instance TEAM-SERVICE/39ea98f8459b:team-service:8085 (replication=false)
founderlink-eureka-server         | 2026-03-27T16:47:13.683Z  INFO 1 --- [nio-8761-exec-2] c.n.e.registry.AbstractInstanceRegistry  : Cancelled instance USER-SERVICE/1fe346082e45:user-service:8082 (replication=false)
founderlink-eureka-server         | 2026-03-27T16:47:13.698Z  INFO 1 --- [nio-8761-exec-4] c.n.e.registry.AbstractInstanceRegistry  : Cancelled instance INVESTMENT-SERVICE/6cf4b8719113:investment-service:8084 (replication=false)
founderlink-eureka-server         | 2026-03-27T16:47:14.602Z  INFO 1 --- [nio-8761-exec-2] c.n.e.registry.AbstractInstanceRegistry  : Cancelled instance NOTIFICATION-SERVICE/4eb1c039adbf:notification-service:8087 (replication=false)
founderlink-eureka-server         | 2026-03-27T16:47:15.065Z  INFO 1 --- [nio-8761-exec-5] c.n.e.registry.AbstractInstanceRegistry  : Registered instance API-GATEWAY/0945f76a4dbd:api-gateway:8080 with status DOWN (replication=false)
founderlink-config-server         | 2026-03-27T16:47:54.792Z  INFO 1 --- [config-server] [nio-8888-exec-3] o.s.c.c.s.e.NativeEnvironmentRepository  : Adding property source: Config resource 'file [/tmp/config-repo-8271535918126537454/auth-service.yml]' via location 'file:/tmp/config-repo-8271535918126537454/'
founderlink-messaging-service     | 2026-03-27T16:48:25.830Z 2026-03-27 16:48:25 [cluster-ClusterId{value='69c6b4d9b883f600ae04ae2d', description='null'}-localhost:27017] INFO  org.mongodb.driver.cluster - [,] - Exception in monitor thread while connecting to server localhost:27017
founderlink-config-server         | 2026-03-27T16:47:55.760Z  INFO 1 --- [config-server] [nio-8888-exec-8] o.s.c.c.s.e.NativeEnvironmentRepository  : Adding property source: Config resource 'file [/tmp/config-repo-8271535918126537454/startup-service.yml]' via location 'file:/tmp/config-repo-8271535918126537454/'
founderlink-messaging-service     |  1 --- [messaging-service] [localhost:27017] org.mongodb.driver.cluster               : Exception in monitor thread while connecting to server localhost:27017
founderlink-eureka-server         | 2026-03-27T16:47:20.098Z  INFO 1 --- [nio-8761-exec-8] c.n.e.registry.AbstractInstanceRegistry  : Cancelled instance API-GATEWAY/0945f76a4dbd:api-gateway:8080 (replication=false)
founderlink-messaging-service     | 
founderlink-eureka-server         | 2026-03-27T16:47:39.583Z  INFO 1 --- [a-EvictionTimer] c.n.e.registry.AbstractInstanceRegistry  : Running the evict task with compensationTime 0ms
founderlink-eureka-server         | 2026-03-27T16:48:39.583Z  INFO 1 --- [a-EvictionTimer] c.n.e.registry.AbstractInstanceRegistry  : Running the evict task with compensationTime 0ms
founderlink-eureka-server         | 2026-03-27T16:48:40.294Z  INFO 1 --- [nio-8761-exec-3] c.n.e.registry.AbstractInstanceRegistry  : Registered instance STARTUP-SERVICE/bf2189b4edd6:startup-service:8083 with status UP (replication=false)
founderlink-eureka-server         | 2026-03-27T16:48:48.690Z  INFO 1 --- [nio-8761-exec-5] c.n.e.registry.AbstractInstanceRegistry  : Registered instance MESSAGING-SERVICE/291c1b697505:messaging-service:8086 with status UP (replication=false)
founderlink-eureka-server         | 2026-03-27T16:48:51.428Z  INFO 1 --- [nio-8761-exec-9] c.n.e.registry.AbstractInstanceRegistry  : Registered instance AUTH-SERVICE/f78953f1025c:auth-service:8081 with status UP (replication=false)
founderlink-eureka-server         | 2026-03-27T16:48:53.793Z  INFO 1 --- [nio-8761-exec-3] c.n.e.registry.AbstractInstanceRegistry  : Registered instance USER-SERVICE/352b0fb6f48e:user-service:8082 with status UP (replication=false)
founderlink-eureka-server         | 2026-03-27T16:48:54.294Z  INFO 1 --- [nio-8761-exec-2] c.n.e.registry.AbstractInstanceRegistry  : Registered instance NOTIFICATION-SERVICE/3cf81cd9cc00:notification-service:8087 with status UP (replication=false)
founderlink-eureka-server         | 2026-03-27T16:48:55.099Z  INFO 1 --- [nio-8761-exec-5] c.n.e.registry.AbstractInstanceRegistry  : Registered instance API-GATEWAY/9e5a77b4e950:api-gateway:8080 with status UP (replication=false)
founderlink-eureka-server         | 2026-03-27T16:49:01.796Z  INFO 1 --- [nio-8761-exec-9] c.n.e.registry.AbstractInstanceRegistry  : Registered instance TEAM-SERVICE/29b95db389ef:team-service:8085 with status UP (replication=false)
founderlink-auth-service          | 2026-03-27T16:48:31.829Z 2026-03-27 16:48:31 [main] WARN  o.s.s.c.a.a.c.InitializeUserDetailsBeanManagerConfigurer$InitializeUserDetailsManagerConfigurer - [,] - Global AuthenticationManager configured with an AuthenticationProvider bean. UserDetailsService beans will not be used by Spring Security for automatically configuring username/password login. Consider removing the AuthenticationProvider bean. Alternatively, consider using the UserDetailsService in a manually instantiated DaoAuthenticationProvider. If the current configuration is intentional, to turn off this warning, increase the logging level of 'org.springframework.security.config.annotation.authentication.configuration.InitializeUserDetailsBeanManagerConfigurer' to ERROR
founderlink-rabbitmq              | [38;5;87m2026-03-27 16:39:34.564986+00:00 [notice] <0.316.0> Feature flags: `stream_filtering` enabled[0m
founderlink-team-service          | 	Autocommit mode: undefined/unknown
founderlink-notification-service  |  1 --- [notification-service] [           main] com.netflix.discovery.DiscoveryClient    : Saw local status change event StatusChangeEvent [timestamp=1774630134140, current=UP, previous=STARTING]
founderlink-eureka-server         | 2026-03-27T16:49:02.230Z  INFO 1 --- [nio-8761-exec-3] c.n.e.registry.AbstractInstanceRegistry  : Registered instance INVESTMENT-SERVICE/3dce26dfdae4:investment-service:8084 with status UP (replication=false)
founderlink-messaging-service     | com.mongodb.MongoSocketOpenException: Exception opening socket
founderlink-eureka-server         | 2026-03-27T16:49:39.432Z  WARN 1 --- [eerNodesUpdater] c.n.eureka.cluster.PeerEurekaNodes       : The replica size seems to be empty. Check the route 53 DNS Registry
founderlink-messaging-service     | 	at com.mongodb.internal.connection.SocketStream.lambda$open$0(SocketStream.java:85) ~[mongodb-driver-core-5.6.4.jar!/:na]
founderlink-investment-service    |  1 --- [investment-service] [           main] o.s.c.n.e.s.EurekaServiceRegistry        : Registering application INVESTMENT-SERVICE with eureka with status UP
founderlink-messaging-service     | 	at java.base/java.util.Optional.orElseThrow(Unknown Source) ~[na:na]
founderlink-investment-service    | 2026-03-27T16:49:02.194Z 2026-03-27 16:49:02 [main] INFO  c.netflix.discovery.DiscoveryClient - [,] - Saw local status change event StatusChangeEvent [timestamp=1774630142194, current=UP, previous=STARTING]
founderlink-investment-service    |  1 --- [investment-service] [           main] com.netflix.discovery.DiscoveryClient    : Saw local status change event StatusChangeEvent [timestamp=1774630142194, current=UP, previous=STARTING]
founderlink-investment-service    | 2026-03-27T16:49:02.195Z 2026-03-27 16:49:02 [DiscoveryClient-InstanceInfoReplicator-%d] INFO  c.netflix.discovery.DiscoveryClient - [,] - DiscoveryClient_INVESTMENT-SERVICE/3dce26dfdae4:investment-service:8084: registering service...
founderlink-investment-service    |  1 --- [investment-service] [foReplicator-%d] com.netflix.discovery.DiscoveryClient    : DiscoveryClient_INVESTMENT-SERVICE/3dce26dfdae4:investment-service:8084: registering service...
founderlink-investment-service    | 2026-03-27T16:49:02.206Z 2026-03-27 16:49:02 [main] INFO  o.s.boot.tomcat.TomcatWebServer - [,] - Tomcat started on port 8084 (http) with context path '/'
founderlink-investment-service    |  1 --- [investment-service] [           main] o.s.boot.tomcat.TomcatWebServer          : Tomcat started on port 8084 (http) with context path '/'
founderlink-investment-service    | 2026-03-27T16:49:02.207Z 2026-03-27 16:49:02 [main] INFO  o.s.c.n.e.s.EurekaAutoServiceRegistration - [,] - Updating port to 8084
founderlink-investment-service    |  1 --- [investment-service] [           main] .s.c.n.e.s.EurekaAutoServiceRegistration : Updating port to 8084
founderlink-investment-service    | 2026-03-27T16:49:02.222Z 2026-03-27 16:49:02 [main] INFO  c.f.i.InvestmentServiceApplication - [,] - Started InvestmentServiceApplication in 95.216 seconds (process running for 100.461)
founderlink-config-server         | 2026-03-27T16:47:56.606Z  INFO 1 --- [config-server] [io-8888-exec-10] o.s.c.c.s.e.NativeEnvironmentRepository  : Adding property source: Config resource 'file [/tmp/config-repo-8271535918126537454/team-service.yml]' via location 'file:/tmp/config-repo-8271535918126537454/'
founderlink-startup-service       | 	Database dialect: PostgreSQLDialect
founderlink-messaging-service     | 	at com.mongodb.internal.connection.SocketStream.open(SocketStream.java:85) ~[mongodb-driver-core-5.6.4.jar!/:na]
founderlink-startup-service       | 	Database version: 15.17
founderlink-messaging-service     | 	at com.mongodb.internal.connection.InternalStreamConnection.open(InternalStreamConnection.java:233) ~[mongodb-driver-core-5.6.4.jar!/:na]
founderlink-eureka-server         | 2026-03-27T16:49:39.583Z  INFO 1 --- [a-EvictionTimer] c.n.e.registry.AbstractInstanceRegistry  : Running the evict task with compensationTime 0ms
founderlink-messaging-service     | 	at com.mongodb.internal.connection.DefaultServerMonitor$ServerMonitor.setupNewConnectionAndGetInitialDescription(DefaultServerMonitor.java:282) ~[mongodb-driver-core-5.6.4.jar!/:na]
founderlink-rabbitmq              | [38;5;87m2026-03-27 16:39:34.565241+00:00 [notice] <0.316.0> Feature flags: attempt to enable `stream_sac_coordinator_unblock_group`...[0m
founderlink-messaging-service     | 	at com.mongodb.internal.connection.DefaultServerMonitor$ServerMonitor.lookupServerDescription(DefaultServerMonitor.java:253) ~[mongodb-driver-core-5.6.4.jar!/:na]
founderlink-messaging-service     | 	at com.mongodb.internal.connection.DefaultServerMonitor$ServerMonitor.run(DefaultServerMonitor.java:203) ~[mongodb-driver-core-5.6.4.jar!/:na]
founderlink-messaging-service     | Caused by: java.net.ConnectException: Connection refused
founderlink-messaging-service     | 	at java.base/sun.nio.ch.Net.pollConnect(Native Method) ~[na:na]
founderlink-messaging-service     | 	at java.base/sun.nio.ch.Net.pollConnectNow(Unknown Source) ~[na:na]
founderlink-messaging-service     | 	at java.base/sun.nio.ch.NioSocketImpl.timedFinishConnect(Unknown Source) ~[na:na]
founderlink-messaging-service     | 	at java.base/sun.nio.ch.NioSocketImpl.connect(Unknown Source) ~[na:na]
founderlink-messaging-service     | 	at java.base/java.net.SocksSocketImpl.connect(Unknown Source) ~[na:na]
founderlink-messaging-service     | 	at java.base/java.net.Socket.connect(Unknown Source) ~[na:na]
founderlink-messaging-service     | 	at com.mongodb.internal.connection.SocketStreamHelper.initialize(SocketStreamHelper.java:76) ~[mongodb-driver-core-5.6.4.jar!/:na]
founderlink-auth-service          |  1 --- [auth-service] [           main] r$InitializeUserDetailsManagerConfigurer : Global AuthenticationManager configured with an AuthenticationProvider bean. UserDetailsService beans will not be used by Spring Security for automatically configuring username/password login. Consider removing the AuthenticationProvider bean. Alternatively, consider using the UserDetailsService in a manually instantiated DaoAuthenticationProvider. If the current configuration is intentional, to turn off this warning, increase the logging level of 'org.springframework.security.config.annotation.authentication.configuration.InitializeUserDetailsBeanManagerConfigurer' to ERROR
founderlink-eureka-server         | 2026-03-27T16:50:39.583Z  INFO 1 --- [a-EvictionTimer] c.n.e.registry.AbstractInstanceRegistry  : Running the evict task with compensationTime 0ms
founderlink-team-service          | 	Isolation level: READ_COMMITTED [default READ_COMMITTED]
founderlink-eureka-server         | 2026-03-27T16:51:39.583Z  INFO 1 --- [a-EvictionTimer] c.n.e.registry.AbstractInstanceRegistry  : Running the evict task with compensationTime 0ms
founderlink-investment-service    |  1 --- [investment-service] [           main] c.f.i.InvestmentServiceApplication       : Started InvestmentServiceApplication in 95.216 seconds (process running for 100.461)
founderlink-startup-service       | 	Default catalog/schema: startups_db/public
founderlink-startup-service       | 	Autocommit mode: undefined/unknown
founderlink-startup-service       | 	Isolation level: READ_COMMITTED [default READ_COMMITTED]
founderlink-startup-service       | 	JDBC fetch size: none
founderlink-startup-service       | 	Pool: DataSourceConnectionProvider
founderlink-startup-service       | 	Minimum pool size: undefined/unknown
founderlink-startup-service       | 	Maximum pool size: undefined/unknown
founderlink-startup-service       | 2026-03-27T16:48:09.998Z 2026-03-27 16:48:09 [main] INFO  org.hibernate.orm.core - [,] - HHH000489: No JTA platform available (set 'hibernate.transaction.jta.platform' to enable JTA platform integration)
founderlink-startup-service       |  1 --- [startup-service] [           main] org.hibernate.orm.core                   : HHH000489: No JTA platform available (set 'hibernate.transaction.jta.platform' to enable JTA platform integration)
founderlink-startup-service       | 2026-03-27T16:48:10.167Z 2026-03-27 16:48:10 [main] INFO  o.s.o.j.LocalContainerEntityManagerFactoryBean - [,] - Initialized JPA EntityManagerFactory for persistence unit 'default'
founderlink-messaging-service     | 	at com.mongodb.internal.connection.SocketStream.initializeSocket(SocketStream.java:104) ~[mongodb-driver-core-5.6.4.jar!/:na]
founderlink-rabbitmq              | [38;5;87m2026-03-27 16:39:34.728237+00:00 [notice] <0.316.0> Feature flags: `stream_sac_coordinator_unblock_group` enabled[0m
founderlink-messaging-service     | 	at com.mongodb.internal.connection.SocketStream.open(SocketStream.java:79) ~[mongodb-driver-core-5.6.4.jar!/:na]
founderlink-rabbitmq              | [38;5;87m2026-03-27 16:39:34.729160+00:00 [notice] <0.316.0> Feature flags: attempt to enable `restart_streams`...[0m
founderlink-rabbitmq              | [38;5;87m2026-03-27 16:39:34.919894+00:00 [notice] <0.316.0> Feature flags: `restart_streams` enabled[0m
founderlink-rabbitmq              | [38;5;87m2026-03-27 16:39:34.920736+00:00 [notice] <0.316.0> Feature flags: attempt to enable `message_containers`...[0m
founderlink-rabbitmq              | [38;5;87m2026-03-27 16:39:35.097740+00:00 [notice] <0.316.0> Feature flags: `message_containers` enabled[0m
founderlink-rabbitmq              | [38;5;87m2026-03-27 16:39:35.098067+00:00 [notice] <0.316.0> Feature flags: attempt to enable `message_containers_deaths_v2`...[0m
founderlink-rabbitmq              | [38;5;87m2026-03-27 16:39:35.275380+00:00 [notice] <0.316.0> Feature flags: `message_containers_deaths_v2` enabled[0m
founderlink-rabbitmq              | 2026-03-27 16:39:35.275754+00:00 [info] <0.254.0> DB: virgin node -> run peer discovery[0m
founderlink-rabbitmq              | [38;5;214m2026-03-27 16:39:35.275842+00:00 [warning] <0.254.0> Classic peer discovery backend: list of nodes does not contain the local node [][0m
founderlink-rabbitmq              | [38;5;87m2026-03-27 16:39:35.295274+00:00 [notice] <0.44.0> Application mnesia exited with reason: stopped[0m
founderlink-rabbitmq              | 2026-03-27 16:39:35.632021+00:00 [info] <0.254.0> Waiting for Mnesia tables for 30000 ms, 9 retries left[0m
founderlink-rabbitmq              | 2026-03-27 16:39:35.632341+00:00 [info] <0.254.0> Successfully synced tables from a peer[0m
founderlink-config-server         | 2026-03-27T16:47:57.602Z  INFO 1 --- [config-server] [nio-8888-exec-6] o.s.c.c.s.e.NativeEnvironmentRepository  : Adding property source: Config resource 'file [/tmp/config-repo-8271535918126537454/api-gateway.yml]' via location 'file:/tmp/config-repo-8271535918126537454/'
founderlink-rabbitmq              | 2026-03-27 16:39:35.632617+00:00 [info] <0.254.0> Waiting for Mnesia tables for 30000 ms, 9 retries left[0m
founderlink-config-server         | 2026-03-27T16:47:58.632Z  INFO 1 --- [config-server] [nio-8888-exec-5] o.s.c.c.s.e.NativeEnvironmentRepository  : Adding property source: Config resource 'file [/tmp/config-repo-8271535918126537454/team-service.yml]' via location 'file:/tmp/config-repo-8271535918126537454/'
founderlink-user-service          | 	JDBC fetch size: none
founderlink-team-service          | 	JDBC fetch size: none
founderlink-user-service          | 	Pool: DataSourceConnectionProvider
founderlink-investment-service    | 2026-03-27T16:49:02.231Z 2026-03-27 16:49:02 [DiscoveryClient-InstanceInfoReplicator-%d] INFO  c.netflix.discovery.DiscoveryClient - [,] - DiscoveryClient_INVESTMENT-SERVICE/3dce26dfdae4:investment-service:8084 - registration status: 204
founderlink-user-service          | 	Minimum pool size: undefined/unknown
founderlink-user-service          | 	Maximum pool size: undefined/unknown
founderlink-user-service          | 2026-03-27T16:48:34.052Z 2026-03-27 16:48:34 [main] INFO  org.hibernate.orm.core - [,] - HHH000489: No JTA platform available (set 'hibernate.transaction.jta.platform' to enable JTA platform integration)
founderlink-user-service          |  1 --- [user-service] [           main] org.hibernate.orm.core                   : HHH000489: No JTA platform available (set 'hibernate.transaction.jta.platform' to enable JTA platform integration)
founderlink-user-service          | 2026-03-27T16:48:34.356Z 2026-03-27 16:48:34 [main] INFO  o.s.o.j.LocalContainerEntityManagerFactoryBean - [,] - Initialized JPA EntityManagerFactory for persistence unit 'default'
founderlink-user-service          |  1 --- [user-service] [           main] j.LocalContainerEntityManagerFactoryBean : Initialized JPA EntityManagerFactory for persistence unit 'default'
founderlink-config-server         | 2026-03-27T16:47:59.661Z  INFO 1 --- [config-server] [nio-8888-exec-4] o.s.c.c.s.e.NativeEnvironmentRepository  : Adding property source: Config resource 'file [/tmp/config-repo-8271535918126537454/auth-service.yml]' via location 'file:/tmp/config-repo-8271535918126537454/'
founderlink-notification-service  | 2026-03-27T16:48:54.148Z 2026-03-27 16:48:54 [DiscoveryClient-InstanceInfoReplicator-%d] INFO  c.netflix.discovery.DiscoveryClient - [,] - DiscoveryClient_NOTIFICATION-SERVICE/3cf81cd9cc00:notification-service:8087: registering service...
founderlink-config-server         | 2026-03-27T16:48:00.700Z  INFO 1 --- [config-server] [nio-8888-exec-1] o.s.c.c.s.e.NativeEnvironmentRepository  : Adding property source: Config resource 'file [/tmp/config-repo-8271535918126537454/investment-service.yml]' via location 'file:/tmp/config-repo-8271535918126537454/'
founderlink-api-gateway           |  1 --- [api-gateway] [           main] o.s.c.g.r.RouteDefinitionRouteLocator    : Loaded RoutePredicateFactory [Header]
founderlink-api-gateway           | 2026-03-27T16:48:49.432Z 2026-03-27 16:48:49 [main] INFO  o.s.c.g.r.RouteDefinitionRouteLocator - [,] - Loaded RoutePredicateFactory [Host]
founderlink-api-gateway           |  1 --- [api-gateway] [           main] o.s.c.g.r.RouteDefinitionRouteLocator    : Loaded RoutePredicateFactory [Host]
founderlink-api-gateway           | 2026-03-27T16:48:49.436Z 2026-03-27 16:48:49 [main] INFO  o.s.c.g.r.RouteDefinitionRouteLocator - [,] - Loaded RoutePredicateFactory [Method]
founderlink-api-gateway           |  1 --- [api-gateway] [           main] o.s.c.g.r.RouteDefinitionRouteLocator    : Loaded RoutePredicateFactory [Method]
founderlink-api-gateway           | 2026-03-27T16:48:49.442Z 2026-03-27 16:48:49 [main] INFO  o.s.c.g.r.RouteDefinitionRouteLocator - [,] - Loaded RoutePredicateFactory [Path]
founderlink-api-gateway           |  1 --- [api-gateway] [           main] o.s.c.g.r.RouteDefinitionRouteLocator    : Loaded RoutePredicateFactory [Path]
founderlink-api-gateway           | 2026-03-27T16:48:49.445Z 2026-03-27 16:48:49 [main] INFO  o.s.c.g.r.RouteDefinitionRouteLocator - [,] - Loaded RoutePredicateFactory [Query]
founderlink-api-gateway           |  1 --- [api-gateway] [           main] o.s.c.g.r.RouteDefinitionRouteLocator    : Loaded RoutePredicateFactory [Query]
founderlink-api-gateway           | 2026-03-27T16:48:49.449Z 2026-03-27 16:48:49 [main] INFO  o.s.c.g.r.RouteDefinitionRouteLocator - [,] - Loaded RoutePredicateFactory [ReadBody]
founderlink-api-gateway           |  1 --- [api-gateway] [           main] o.s.c.g.r.RouteDefinitionRouteLocator    : Loaded RoutePredicateFactory [ReadBody]
founderlink-api-gateway           | 2026-03-27T16:48:49.460Z 2026-03-27 16:48:49 [main] INFO  o.s.c.g.r.RouteDefinitionRouteLocator - [,] - Loaded RoutePredicateFactory [RemoteAddr]
founderlink-user-service          | 2026-03-27T16:48:35.646Z 2026-03-27 16:48:35 [main] INFO  o.s.d.j.r.q.QueryEnhancerFactories - [,] - Hibernate is in classpath; If applicable, HQL parser will be used.
founderlink-user-service          |  1 --- [user-service] [           main] o.s.d.j.r.query.QueryEnhancerFactories   : Hibernate is in classpath; If applicable, HQL parser will be used.
founderlink-user-service          | 2026-03-27T16:48:39.042Z 2026-03-27 16:48:39 [main] WARN  o.s.b.j.a.JpaBaseConfiguration$JpaWebConfiguration - [,] - spring.jpa.open-in-view is enabled by default. Therefore, database queries may be performed during view rendering. Explicitly configure spring.jpa.open-in-view to disable this warning
founderlink-user-service          |  1 --- [user-service] [           main] JpaBaseConfiguration$JpaWebConfiguration : spring.jpa.open-in-view is enabled by default. Therefore, database queries may be performed during view rendering. Explicitly configure spring.jpa.open-in-view to disable this warning
founderlink-user-service          | 2026-03-27T16:48:50.702Z 2026-03-27 16:48:50 [main] INFO  o.s.c.n.e.c.DiscoveryClientOptionalArgsConfiguration - [,] - Eureka HTTP Client uses RestClient.
founderlink-user-service          |  1 --- [user-service] [           main] DiscoveryClientOptionalArgsConfiguration : Eureka HTTP Client uses RestClient.
founderlink-user-service          | 2026-03-27T16:48:51.166Z 2026-03-27 16:48:51 [main] WARN  o.s.c.l.c.LoadBalancerCacheAutoConfiguration$LoadBalancerCaffeineWarnLogger - [,] - Spring Cloud LoadBalancer is currently working with the default cache. While this cache implementation is useful for development and tests, it's recommended to use Caffeine cache in production.You can switch to using Caffeine cache, by adding it and org.springframework.cache.caffeine.CaffeineCacheManager to the classpath.
founderlink-user-service          |  1 --- [user-service] [           main] iguration$LoadBalancerCaffeineWarnLogger : Spring Cloud LoadBalancer is currently working with the default cache. While this cache implementation is useful for development and tests, it's recommended to use Caffeine cache in production.You can switch to using Caffeine cache, by adding it and org.springframework.cache.caffeine.CaffeineCacheManager to the classpath.
founderlink-user-service          | 2026-03-27T16:48:51.194Z 2026-03-27 16:48:51 [main] INFO  o.s.b.a.e.web.EndpointLinksResolver - [,] - Exposing 1 endpoint beneath base path '/actuator'
founderlink-user-service          |  1 --- [user-service] [           main] o.s.b.a.e.web.EndpointLinksResolver      : Exposing 1 endpoint beneath base path '/actuator'
founderlink-user-service          | 2026-03-27T16:48:51.726Z 2026-03-27 16:48:51 [main] INFO  o.s.c.n.eureka.InstanceInfoFactory - [,] - Setting initial instance status as: STARTING
founderlink-user-service          |  1 --- [user-service] [           main] o.s.c.n.eureka.InstanceInfoFactory       : Setting initial instance status as: STARTING
founderlink-startup-service       |  1 --- [startup-service] [           main] j.LocalContainerEntityManagerFactoryBean : Initialized JPA EntityManagerFactory for persistence unit 'default'
founderlink-auth-service          | 2026-03-27T16:48:34.683Z 2026-03-27 16:48:34 [main] WARN  o.s.b.j.a.JpaBaseConfiguration$JpaWebConfiguration - [,] - spring.jpa.open-in-view is enabled by default. Therefore, database queries may be performed during view rendering. Explicitly configure spring.jpa.open-in-view to disable this warning
founderlink-team-service          | 	Pool: DataSourceConnectionProvider
founderlink-auth-service          |  1 --- [auth-service] [           main] JpaBaseConfiguration$JpaWebConfiguration : spring.jpa.open-in-view is enabled by default. Therefore, database queries may be performed during view rendering. Explicitly configure spring.jpa.open-in-view to disable this warning
founderlink-rabbitmq              | 2026-03-27 16:39:35.632712+00:00 [info] <0.254.0> Successfully synced tables from a peer[0m
founderlink-auth-service          | 2026-03-27T16:48:48.531Z 2026-03-27 16:48:48 [main] INFO  o.s.c.n.e.c.DiscoveryClientOptionalArgsConfiguration - [,] - Eureka HTTP Client uses RestClient.
founderlink-rabbitmq              | 2026-03-27 16:39:35.653725+00:00 [info] <0.254.0> Waiting for Mnesia tables for 30000 ms, 9 retries left[0m
founderlink-investment-service    |  1 --- [investment-service] [foReplicator-%d] com.netflix.discovery.DiscoveryClient    : DiscoveryClient_INVESTMENT-SERVICE/3dce26dfdae4:investment-service:8084 - registration status: 204
founderlink-rabbitmq              | 2026-03-27 16:39:35.654781+00:00 [info] <0.254.0> Successfully synced tables from a peer[0m
founderlink-investment-service    | 2026-03-27T16:49:02.255Z 2026-03-27 16:49:02 [main] WARN  o.s.c.events.SpringDocAppInitializer - [,] - SpringDoc /investments/v3/api-docs endpoint is enabled by default. To disable it in production, set the property 'springdoc.api-docs.enabled=false'
founderlink-rabbitmq              | 2026-03-27 16:39:35.655186+00:00 [info] <0.254.0> Running boot step tracking_metadata_store defined by app rabbit[0m
founderlink-investment-service    |  1 --- [investment-service] [           main] o.s.core.events.SpringDocAppInitializer  : SpringDoc /investments/v3/api-docs endpoint is enabled by default. To disable it in production, set the property 'springdoc.api-docs.enabled=false'
founderlink-api-gateway           |  1 --- [api-gateway] [           main] o.s.c.g.r.RouteDefinitionRouteLocator    : Loaded RoutePredicateFactory [RemoteAddr]
founderlink-api-gateway           | 2026-03-27T16:48:49.465Z 2026-03-27 16:48:49 [main] INFO  o.s.c.g.r.RouteDefinitionRouteLocator - [,] - Loaded RoutePredicateFactory [Version]
founderlink-api-gateway           |  1 --- [api-gateway] [           main] o.s.c.g.r.RouteDefinitionRouteLocator    : Loaded RoutePredicateFactory [Version]
founderlink-api-gateway           | 2026-03-27T16:48:49.466Z 2026-03-27 16:48:49 [main] INFO  o.s.c.g.r.RouteDefinitionRouteLocator - [,] - Loaded RoutePredicateFactory [XForwardedRemoteAddr]
founderlink-api-gateway           |  1 --- [api-gateway] [           main] o.s.c.g.r.RouteDefinitionRouteLocator    : Loaded RoutePredicateFactory [XForwardedRemoteAddr]
founderlink-api-gateway           | 2026-03-27T16:48:49.466Z 2026-03-27 16:48:49 [main] INFO  o.s.c.g.r.RouteDefinitionRouteLocator - [,] - Loaded RoutePredicateFactory [Weight]
founderlink-api-gateway           |  1 --- [api-gateway] [           main] o.s.c.g.r.RouteDefinitionRouteLocator    : Loaded RoutePredicateFactory [Weight]
founderlink-user-service          | 2026-03-27T16:48:51.809Z 2026-03-27 16:48:51 [main] INFO  c.netflix.discovery.DiscoveryClient - [,] - Initializing Eureka in region us-east-1
founderlink-api-gateway           | 2026-03-27T16:48:49.467Z 2026-03-27 16:48:49 [main] INFO  o.s.c.g.r.RouteDefinitionRouteLocator - [,] - Loaded RoutePredicateFactory [CloudFoundryRouteService]
founderlink-notification-service  |  1 --- [notification-service] [foReplicator-%d] com.netflix.discovery.DiscoveryClient    : DiscoveryClient_NOTIFICATION-SERVICE/3cf81cd9cc00:notification-service:8087: registering service...
founderlink-messaging-service     | 	... 4 common frames omitted
founderlink-startup-service       | 2026-03-27T16:48:11.102Z 2026-03-27 16:48:11 [main] INFO  o.s.d.j.r.q.QueryEnhancerFactories - [,] - Hibernate is in classpath; If applicable, HQL parser will be used.
founderlink-messaging-service     | 
founderlink-startup-service       |  1 --- [startup-service] [           main] o.s.d.j.r.query.QueryEnhancerFactories   : Hibernate is in classpath; If applicable, HQL parser will be used.
founderlink-startup-service       | 2026-03-27T16:48:18.734Z 2026-03-27 16:48:18 [main] WARN  o.s.b.j.a.JpaBaseConfiguration$JpaWebConfiguration - [,] - spring.jpa.open-in-view is enabled by default. Therefore, database queries may be performed during view rendering. Explicitly configure spring.jpa.open-in-view to disable this warning
founderlink-startup-service       |  1 --- [startup-service] [           main] JpaBaseConfiguration$JpaWebConfiguration : spring.jpa.open-in-view is enabled by default. Therefore, database queries may be performed during view rendering. Explicitly configure spring.jpa.open-in-view to disable this warning
founderlink-startup-service       | 2026-03-27T16:48:19.748Z 2026-03-27 16:48:19 [main] INFO  o.s.c.o.FeignClientFactoryBean - [,] - For 'user-service' URL not provided. Will try picking an instance via load-balancing.
founderlink-startup-service       |  1 --- [startup-service] [           main] o.s.c.openfeign.FeignClientFactoryBean   : For 'user-service' URL not provided. Will try picking an instance via load-balancing.
founderlink-startup-service       | 2026-03-27T16:48:22.775Z 2026-03-27 16:48:22 [main] WARN  o.s.b.s.a.UserDetailsServiceAutoConfiguration - [,] - 
founderlink-api-gateway           |  1 --- [api-gateway] [           main] o.s.c.g.r.RouteDefinitionRouteLocator    : Loaded RoutePredicateFactory [CloudFoundryRouteService]
founderlink-notification-service  | 2026-03-27T16:48:54.191Z 2026-03-27 16:48:54 [main] INFO  o.s.boot.tomcat.TomcatWebServer - [,] - Tomcat started on port 8087 (http) with context path '/'
founderlink-user-service          |  1 --- [user-service] [           main] com.netflix.discovery.DiscoveryClient    : Initializing Eureka in region us-east-1
founderlink-auth-service          |  1 --- [auth-service] [           main] DiscoveryClientOptionalArgsConfiguration : Eureka HTTP Client uses RestClient.
founderlink-rabbitmq              | 2026-03-27 16:39:35.655340+00:00 [info] <0.570.0> Setting up a table for connection tracking on this node: tracked_connection[0m
founderlink-api-gateway           | 2026-03-27T16:48:51.677Z 2026-03-27 16:48:51 [main] INFO  o.s.b.a.e.web.EndpointLinksResolver - [,] - Exposing 1 endpoint beneath base path '/actuator'
founderlink-rabbitmq              | 2026-03-27 16:39:35.655416+00:00 [info] <0.570.0> Setting up a table for per-vhost connection counting on this node: tracked_connection_per_vhost[0m
founderlink-auth-service          | 2026-03-27T16:48:48.888Z 2026-03-27 16:48:48 [main] WARN  o.s.c.l.c.LoadBalancerCacheAutoConfiguration$LoadBalancerCaffeineWarnLogger - [,] - Spring Cloud LoadBalancer is currently working with the default cache. While this cache implementation is useful for development and tests, it's recommended to use Caffeine cache in production.You can switch to using Caffeine cache, by adding it and org.springframework.cache.caffeine.CaffeineCacheManager to the classpath.
founderlink-auth-service          |  1 --- [auth-service] [           main] iguration$LoadBalancerCaffeineWarnLogger : Spring Cloud LoadBalancer is currently working with the default cache. While this cache implementation is useful for development and tests, it's recommended to use Caffeine cache in production.You can switch to using Caffeine cache, by adding it and org.springframework.cache.caffeine.CaffeineCacheManager to the classpath.
founderlink-auth-service          | 2026-03-27T16:48:48.971Z 2026-03-27 16:48:48 [main] INFO  o.s.b.a.e.web.EndpointLinksResolver - [,] - Exposing 1 endpoint beneath base path '/actuator'
founderlink-auth-service          |  1 --- [auth-service] [           main] o.s.b.a.e.web.EndpointLinksResolver      : Exposing 1 endpoint beneath base path '/actuator'
founderlink-auth-service          | 2026-03-27T16:48:49.523Z 2026-03-27 16:48:49 [main] INFO  o.s.c.n.eureka.InstanceInfoFactory - [,] - Setting initial instance status as: STARTING
founderlink-auth-service          |  1 --- [auth-service] [           main] o.s.c.n.eureka.InstanceInfoFactory       : Setting initial instance status as: STARTING
founderlink-auth-service          | 2026-03-27T16:48:49.656Z 2026-03-27 16:48:49 [main] INFO  c.netflix.discovery.DiscoveryClient - [,] - Initializing Eureka in region us-east-1
founderlink-auth-service          |  1 --- [auth-service] [           main] com.netflix.discovery.DiscoveryClient    : Initializing Eureka in region us-east-1
founderlink-startup-service       | 
founderlink-startup-service       | Using generated security password: 1f02b05e-9292-44ce-8dcb-7d28025212b9
founderlink-startup-service       | 
founderlink-startup-service       | This generated password is for development use only. Your security configuration must be updated before running your application in production.
founderlink-startup-service       | 
founderlink-messaging-service     | 2026-03-27T16:48:29.912Z 2026-03-27 16:48:29 [main] INFO  o.s.c.o.FeignClientFactoryBean - [,] - For 'user-service' URL not provided. Will try picking an instance via load-balancing.
founderlink-messaging-service     |  1 --- [messaging-service] [           main] o.s.c.openfeign.FeignClientFactoryBean   : For 'user-service' URL not provided. Will try picking an instance via load-balancing.
founderlink-auth-service          | 2026-03-27T16:48:49.684Z 2026-03-27 16:48:49 [main] INFO  c.n.d.s.r.aws.ConfigClusterResolver - [,] - Resolving eureka endpoints via configuration
founderlink-investment-service    | 2026-03-27T16:49:02.255Z 2026-03-27 16:49:02 [main] WARN  o.s.c.events.SpringDocAppInitializer - [,] - SpringDoc /swagger-ui.html endpoint is enabled by default. To disable it in production, set the property 'springdoc.swagger-ui.enabled=false'
founderlink-auth-service          |  1 --- [auth-service] [           main] c.n.d.s.r.aws.ConfigClusterResolver      : Resolving eureka endpoints via configuration
founderlink-user-service          | 2026-03-27T16:48:51.829Z 2026-03-27 16:48:51 [main] INFO  c.n.d.s.r.aws.ConfigClusterResolver - [,] - Resolving eureka endpoints via configuration
founderlink-user-service          |  1 --- [user-service] [           main] c.n.d.s.r.aws.ConfigClusterResolver      : Resolving eureka endpoints via configuration
founderlink-user-service          | 2026-03-27T16:48:51.861Z 2026-03-27 16:48:51 [main] INFO  c.netflix.discovery.DiscoveryClient - [,] - Disable delta property : false
founderlink-user-service          |  1 --- [user-service] [           main] com.netflix.discovery.DiscoveryClient    : Disable delta property : false
founderlink-user-service          | 2026-03-27T16:48:51.862Z 2026-03-27 16:48:51 [main] INFO  c.netflix.discovery.DiscoveryClient - [,] - Single vip registry refresh property : null
founderlink-user-service          |  1 --- [user-service] [           main] com.netflix.discovery.DiscoveryClient    : Single vip registry refresh property : null
founderlink-user-service          | 2026-03-27T16:48:51.863Z 2026-03-27 16:48:51 [main] INFO  c.netflix.discovery.DiscoveryClient - [,] - Force full registry fetch : false
founderlink-user-service          |  1 --- [user-service] [           main] com.netflix.discovery.DiscoveryClient    : Force full registry fetch : false
founderlink-user-service          | 2026-03-27T16:48:51.866Z 2026-03-27 16:48:51 [main] INFO  c.netflix.discovery.DiscoveryClient - [,] - Application is null : false
founderlink-user-service          |  1 --- [user-service] [           main] com.netflix.discovery.DiscoveryClient    : Application is null : false
founderlink-user-service          | 2026-03-27T16:48:51.867Z 2026-03-27 16:48:51 [main] INFO  c.netflix.discovery.DiscoveryClient - [,] - Registered Applications size is zero : true
founderlink-user-service          |  1 --- [user-service] [           main] com.netflix.discovery.DiscoveryClient    : Registered Applications size is zero : true
founderlink-user-service          | 2026-03-27T16:48:51.867Z 2026-03-27 16:48:51 [main] INFO  c.netflix.discovery.DiscoveryClient - [,] - Application version is -1: true
founderlink-user-service          |  1 --- [user-service] [           main] com.netflix.discovery.DiscoveryClient    : Application version is -1: true
founderlink-user-service          | 2026-03-27T16:48:51.867Z 2026-03-27 16:48:51 [main] INFO  c.netflix.discovery.DiscoveryClient - [,] - Getting all instance registry info from the eureka server
founderlink-api-gateway           |  1 --- [api-gateway] [           main] o.s.b.a.e.web.EndpointLinksResolver      : Exposing 1 endpoint beneath base path '/actuator'
founderlink-messaging-service     | 2026-03-27T16:48:33.928Z 2026-03-27 16:48:33 [main] WARN  o.s.b.s.a.UserDetailsServiceAutoConfiguration - [,] - 
founderlink-notification-service  |  1 --- [notification-service] [           main] o.s.boot.tomcat.TomcatWebServer          : Tomcat started on port 8087 (http) with context path '/'
founderlink-messaging-service     | 
founderlink-notification-service  | 2026-03-27T16:48:54.196Z 2026-03-27 16:48:54 [main] INFO  o.s.c.n.e.s.EurekaAutoServiceRegistration - [,] - Updating port to 8087
founderlink-notification-service  |  1 --- [notification-service] [           main] .s.c.n.e.s.EurekaAutoServiceRegistration : Updating port to 8087
founderlink-notification-service  | 2026-03-27T16:48:54.208Z 2026-03-27 16:48:54 [main] INFO  o.s.a.r.c.CachingConnectionFactory - [,] - Attempting to connect to: [founderlink-rabbitmq:5672]
founderlink-notification-service  |  1 --- [notification-service] [           main] o.s.a.r.c.CachingConnectionFactory       : Attempting to connect to: [founderlink-rabbitmq:5672]
founderlink-notification-service  | 2026-03-27T16:48:54.299Z 2026-03-27 16:48:54 [DiscoveryClient-InstanceInfoReplicator-%d] INFO  c.netflix.discovery.DiscoveryClient - [,] - DiscoveryClient_NOTIFICATION-SERVICE/3cf81cd9cc00:notification-service:8087 - registration status: 204
founderlink-notification-service  |  1 --- [notification-service] [foReplicator-%d] com.netflix.discovery.DiscoveryClient    : DiscoveryClient_NOTIFICATION-SERVICE/3cf81cd9cc00:notification-service:8087 - registration status: 204
founderlink-notification-service  | 2026-03-27T16:48:54.422Z 2026-03-27 16:48:54 [main] INFO  o.s.a.r.c.CachingConnectionFactory - [,] - Created new connection: rabbitConnectionFactory#6eded11a:0/SimpleConnection@3705a85c [delegate=amqp://guest@172.19.0.5:5672/, localPort=59452]
founderlink-notification-service  |  1 --- [notification-service] [           main] o.s.a.r.c.CachingConnectionFactory       : Created new connection: rabbitConnectionFactory#6eded11a:0/SimpleConnection@3705a85c [delegate=amqp://guest@172.19.0.5:5672/, localPort=59452]
founderlink-notification-service  | 2026-03-27T16:48:54.680Z 2026-03-27 16:48:54 [main] INFO  c.f.n.NotificationServiceApplication - [,] - Started NotificationServiceApplication in 90.425 seconds (process running for 92.967)
founderlink-notification-service  |  1 --- [notification-service] [           main] c.f.n.NotificationServiceApplication     : Started NotificationServiceApplication in 90.425 seconds (process running for 92.967)
founderlink-notification-service  | 2026-03-27T16:48:54.814Z 2026-03-27 16:48:54 [main] WARN  o.s.c.events.SpringDocAppInitializer - [,] - SpringDoc /v3/api-docs endpoint is enabled by default. To disable it in production, set the property 'springdoc.api-docs.enabled=false'
founderlink-notification-service  |  1 --- [notification-service] [           main] o.s.core.events.SpringDocAppInitializer  : SpringDoc /v3/api-docs endpoint is enabled by default. To disable it in production, set the property 'springdoc.api-docs.enabled=false'
founderlink-notification-service  | 2026-03-27T16:48:54.815Z 2026-03-27 16:48:54 [main] WARN  o.s.c.events.SpringDocAppInitializer - [,] - SpringDoc /swagger-ui.html endpoint is enabled by default. To disable it in production, set the property 'springdoc.swagger-ui.enabled=false'
founderlink-user-service          |  1 --- [user-service] [           main] com.netflix.discovery.DiscoveryClient    : Getting all instance registry info from the eureka server
founderlink-auth-service          | 2026-03-27T16:48:49.737Z 2026-03-27 16:48:49 [main] INFO  c.netflix.discovery.DiscoveryClient - [,] - Disable delta property : false
founderlink-user-service          | 2026-03-27T16:48:53.508Z 2026-03-27 16:48:53 [main] INFO  c.netflix.discovery.DiscoveryClient - [,] - The response status is 200
founderlink-auth-service          |  1 --- [auth-service] [           main] com.netflix.discovery.DiscoveryClient    : Disable delta property : false
founderlink-auth-service          | 2026-03-27T16:48:49.739Z 2026-03-27 16:48:49 [main] INFO  c.netflix.discovery.DiscoveryClient - [,] - Single vip registry refresh property : null
founderlink-auth-service          |  1 --- [auth-service] [           main] com.netflix.discovery.DiscoveryClient    : Single vip registry refresh property : null
founderlink-auth-service          | 2026-03-27T16:48:49.747Z 2026-03-27 16:48:49 [main] INFO  c.netflix.discovery.DiscoveryClient - [,] - Force full registry fetch : false
founderlink-auth-service          |  1 --- [auth-service] [           main] com.netflix.discovery.DiscoveryClient    : Force full registry fetch : false
founderlink-investment-service    |  1 --- [investment-service] [           main] o.s.core.events.SpringDocAppInitializer  : SpringDoc /swagger-ui.html endpoint is enabled by default. To disable it in production, set the property 'springdoc.swagger-ui.enabled=false'
founderlink-investment-service    | 2026-03-27T16:49:51.156Z 2026-03-27 16:49:51 [http-nio-8084-exec-1] INFO  o.a.c.c.C.[Tomcat].[localhost].[/] - [,] - Initializing Spring DispatcherServlet 'dispatcherServlet'
founderlink-investment-service    |  1 --- [investment-service] [nio-8084-exec-1] o.a.c.c.C.[Tomcat].[localhost].[/]       : Initializing Spring DispatcherServlet 'dispatcherServlet'
founderlink-investment-service    | 2026-03-27T16:49:51.156Z 2026-03-27 16:49:51 [http-nio-8084-exec-1] INFO  o.s.web.servlet.DispatcherServlet - [,] - Initializing Servlet 'dispatcherServlet'
founderlink-investment-service    |  1 --- [investment-service] [nio-8084-exec-1] o.s.web.servlet.DispatcherServlet        : Initializing Servlet 'dispatcherServlet'
founderlink-investment-service    | 2026-03-27T16:49:51.158Z 2026-03-27 16:49:51 [http-nio-8084-exec-1] INFO  o.s.web.servlet.DispatcherServlet - [,] - Completed initialization in 2 ms
founderlink-investment-service    |  1 --- [investment-service] [nio-8084-exec-1] o.s.web.servlet.DispatcherServlet        : Completed initialization in 2 ms
founderlink-investment-service    | 2026-03-27T16:49:56.279Z 2026-03-27 16:49:56 [http-nio-8084-exec-2] INFO  o.s.api.AbstractOpenApiResource - [,] - Init duration for springdoc-openapi is: 277 ms
founderlink-investment-service    |  1 --- [investment-service] [nio-8084-exec-2] o.springdoc.api.AbstractOpenApiResource  : Init duration for springdoc-openapi is: 277 ms
founderlink-investment-service    | 2026-03-27T16:50:44.841Z 2026-03-27 16:50:44 [http-nio-8084-exec-3] INFO  o.s.api.AbstractOpenApiResource - [,] - Init duration for springdoc-openapi is: 73 ms
founderlink-messaging-service     | Using generated security password: f4725236-e3ea-4bf7-94b0-b6349c3e8754
founderlink-auth-service          | 2026-03-27T16:48:49.748Z 2026-03-27 16:48:49 [main] INFO  c.netflix.discovery.DiscoveryClient - [,] - Application is null : false
founderlink-user-service          |  1 --- [user-service] [           main] com.netflix.discovery.DiscoveryClient    : The response status is 200
founderlink-rabbitmq              | 2026-03-27 16:39:35.655492+00:00 [info] <0.570.0> Setting up a table for per-user connection counting on this node: tracked_connection_per_user[0m
founderlink-api-gateway           | 2026-03-27T16:48:53.313Z 2026-03-27 16:48:53 [main] INFO  o.s.c.n.e.c.DiscoveryClientOptionalArgsConfiguration - [,] - Eureka HTTP Client uses RestClient.
founderlink-rabbitmq              | 2026-03-27 16:39:35.655545+00:00 [info] <0.570.0> Setting up a table for channel tracking on this node: tracked_channel[0m
founderlink-messaging-service     | 
founderlink-rabbitmq              | 2026-03-27 16:39:35.655598+00:00 [info] <0.570.0> Setting up a table for channel tracking on this node: tracked_channel_per_user[0m
founderlink-messaging-service     | This generated password is for development use only. Your security configuration must be updated before running your application in production.
founderlink-rabbitmq              | 2026-03-27 16:39:35.655686+00:00 [info] <0.254.0> Running boot step networking_metadata_store defined by app rabbit[0m
founderlink-messaging-service     | 
founderlink-rabbitmq              | 2026-03-27 16:39:35.655783+00:00 [info] <0.254.0> Running boot step feature_flags defined by app rabbit[0m
founderlink-messaging-service     |  1 --- [messaging-service] [           main] .s.a.UserDetailsServiceAutoConfiguration : 
founderlink-rabbitmq              | 2026-03-27 16:39:35.656000+00:00 [info] <0.254.0> Running boot step codec_correctness_check defined by app rabbit[0m
founderlink-messaging-service     | 
founderlink-rabbitmq              | 2026-03-27 16:39:35.656042+00:00 [info] <0.254.0> Running boot step external_infrastructure defined by app rabbit[0m
founderlink-messaging-service     | Using generated security password: f4725236-e3ea-4bf7-94b0-b6349c3e8754
founderlink-rabbitmq              | 2026-03-27 16:39:35.656066+00:00 [info] <0.254.0> Running boot step rabbit_event defined by app rabbit[0m
founderlink-messaging-service     | 
founderlink-rabbitmq              | 2026-03-27 16:39:35.656272+00:00 [info] <0.254.0> Running boot step rabbit_registry defined by app rabbit[0m
founderlink-messaging-service     | This generated password is for development use only. Your security configuration must be updated before running your application in production.
founderlink-rabbitmq              | 2026-03-27 16:39:35.656392+00:00 [info] <0.254.0> Running boot step rabbit_auth_mechanism_amqplain defined by app rabbit[0m
founderlink-startup-service       |  1 --- [startup-service] [           main] .s.a.UserDetailsServiceAutoConfiguration : 
founderlink-rabbitmq              | 2026-03-27 16:39:35.656669+00:00 [info] <0.254.0> Running boot step rabbit_auth_mechanism_cr_demo defined by app rabbit[0m
founderlink-startup-service       | 
founderlink-team-service          | 	Minimum pool size: undefined/unknown
founderlink-startup-service       | Using generated security password: 1f02b05e-9292-44ce-8dcb-7d28025212b9
founderlink-team-service          | 	Maximum pool size: undefined/unknown
founderlink-notification-service  |  1 --- [notification-service] [           main] o.s.core.events.SpringDocAppInitializer  : SpringDoc /swagger-ui.html endpoint is enabled by default. To disable it in production, set the property 'springdoc.swagger-ui.enabled=false'
founderlink-notification-service  | 2026-03-27T16:49:51.742Z 2026-03-27 16:49:51 [http-nio-8087-exec-1] INFO  o.a.c.c.C.[Tomcat].[localhost].[/] - [,] - Initializing Spring DispatcherServlet 'dispatcherServlet'
founderlink-notification-service  |  1 --- [notification-service] [nio-8087-exec-1] o.a.c.c.C.[Tomcat].[localhost].[/]       : Initializing Spring DispatcherServlet 'dispatcherServlet'
founderlink-notification-service  | 2026-03-27T16:49:51.742Z 2026-03-27 16:49:51 [http-nio-8087-exec-1] INFO  o.s.web.servlet.DispatcherServlet - [,] - Initializing Servlet 'dispatcherServlet'
founderlink-notification-service  |  1 --- [notification-service] [nio-8087-exec-1] o.s.web.servlet.DispatcherServlet        : Initializing Servlet 'dispatcherServlet'
founderlink-notification-service  | 2026-03-27T16:49:51.744Z 2026-03-27 16:49:51 [http-nio-8087-exec-1] INFO  o.s.web.servlet.DispatcherServlet - [,] - Completed initialization in 2 ms
founderlink-notification-service  |  1 --- [notification-service] [nio-8087-exec-1] o.s.web.servlet.DispatcherServlet        : Completed initialization in 2 ms
founderlink-notification-service  | 2026-03-27T16:49:51.942Z 2026-03-27 16:49:51 [http-nio-8087-exec-1] INFO  o.s.api.AbstractOpenApiResource - [,] - Init duration for springdoc-openapi is: 141 ms
founderlink-notification-service  |  1 --- [notification-service] [nio-8087-exec-1] o.springdoc.api.AbstractOpenApiResource  : Init duration for springdoc-openapi is: 141 ms
founderlink-notification-service  | 2026-03-27T16:50:48.912Z 2026-03-27 16:50:48 [http-nio-8087-exec-3] INFO  o.s.api.AbstractOpenApiResource - [,] - Init duration for springdoc-openapi is: 36 ms
founderlink-notification-service  |  1 --- [notification-service] [nio-8087-exec-3] o.springdoc.api.AbstractOpenApiResource  : Init duration for springdoc-openapi is: 36 ms
founderlink-startup-service       | 
founderlink-startup-service       | This generated password is for development use only. Your security configuration must be updated before running your application in production.
founderlink-messaging-service     | 
founderlink-config-server         | 2026-03-27T16:48:01.656Z  INFO 1 --- [config-server] [nio-8888-exec-9] o.s.c.c.s.e.NativeEnvironmentRepository  : Adding property source: Config resource 'file [/tmp/config-repo-8271535918126537454/user-service.yml]' via location 'file:/tmp/config-repo-8271535918126537454/'
founderlink-messaging-service     | 2026-03-27T16:48:33.975Z 2026-03-27 16:48:33 [main] INFO  o.s.s.c.a.a.c.InitializeUserDetailsBeanManagerConfigurer$InitializeUserDetailsManagerConfigurer - [,] - Global AuthenticationManager configured with UserDetailsService bean with name inMemoryUserDetailsManager
founderlink-config-server         | 2026-03-27T16:48:02.763Z  INFO 1 --- [config-server] [nio-8888-exec-2] o.s.c.c.s.e.NativeEnvironmentRepository  : Adding property source: Config resource 'file [/tmp/config-repo-8271535918126537454/messaging-service.yml]' via location 'file:/tmp/config-repo-8271535918126537454/'
founderlink-config-server         | 2026-03-27T16:48:05.512Z  INFO 1 --- [config-server] [nio-8888-exec-7] o.s.c.c.s.e.NativeEnvironmentRepository  : Adding property source: Config resource 'file [/tmp/config-repo-8271535918126537454/notification-service.yml]' via location 'file:/tmp/config-repo-8271535918126537454/'
founderlink-config-server         | 2026-03-27T16:48:07.464Z  INFO 1 --- [config-server] [io-8888-exec-10] o.s.c.c.s.e.NativeEnvironmentRepository  : Adding property source: Config resource 'file [/tmp/config-repo-8271535918126537454/investment-service.yml]' via location 'file:/tmp/config-repo-8271535918126537454/'
founderlink-config-server         | 2026-03-27T16:48:08.476Z  INFO 1 --- [config-server] [nio-8888-exec-8] o.s.c.c.s.e.NativeEnvironmentRepository  : Adding property source: Config resource 'file [/tmp/config-repo-8271535918126537454/team-service.yml]' via location 'file:/tmp/config-repo-8271535918126537454/'
founderlink-config-server         | 2026-03-27T16:48:09.520Z  INFO 1 --- [config-server] [nio-8888-exec-3] o.s.c.c.s.e.NativeEnvironmentRepository  : Adding property source: Config resource 'file [/tmp/config-repo-8271535918126537454/api-gateway.yml]' via location 'file:/tmp/config-repo-8271535918126537454/'
founderlink-config-server         | 2026-03-27T16:48:12.472Z  INFO 1 --- [config-server] [nio-8888-exec-5] o.s.c.c.s.e.NativeEnvironmentRepository  : Adding property source: Config resource 'file [/tmp/config-repo-8271535918126537454/notification-service.yml]' via location 'file:/tmp/config-repo-8271535918126537454/'
founderlink-config-server         | 2026-03-27T16:48:13.456Z  INFO 1 --- [config-server] [nio-8888-exec-4] o.s.c.c.s.e.NativeEnvironmentRepository  : Adding property source: Config resource 'file [/tmp/config-repo-8271535918126537454/api-gateway.yml]' via location 'file:/tmp/config-repo-8271535918126537454/'
founderlink-config-server         | 2026-03-27T16:48:14.481Z  INFO 1 --- [config-server] [nio-8888-exec-1] o.s.c.c.s.e.NativeEnvironmentRepository  : Adding property source: Config resource 'file [/tmp/config-repo-8271535918126537454/notification-service.yml]' via location 'file:/tmp/config-repo-8271535918126537454/'
founderlink-config-server         | 2026-03-27T16:48:15.574Z  INFO 1 --- [config-server] [nio-8888-exec-9] o.s.c.c.s.e.NativeEnvironmentRepository  : Adding property source: Config resource 'file [/tmp/config-repo-8271535918126537454/api-gateway.yml]' via location 'file:/tmp/config-repo-8271535918126537454/'
founderlink-config-server         | 2026-03-27T16:49:49.723Z  INFO 1 --- [config-server] [rap-executor-%d] c.n.d.s.r.aws.ConfigClusterResolver      : Resolving eureka endpoints via configuration
founderlink-rabbitmq              | 2026-03-27 16:39:35.656800+00:00 [info] <0.254.0> Running boot step rabbit_auth_mechanism_plain defined by app rabbit[0m
founderlink-team-service          |  1 --- [team-service] [           main] org.hibernate.orm.connections.pooling    : HHH10001005: Database info:
founderlink-rabbitmq              | 2026-03-27 16:39:35.656852+00:00 [info] <0.254.0> Running boot step rabbit_exchange_type_direct defined by app rabbit[0m
founderlink-auth-service          |  1 --- [auth-service] [           main] com.netflix.discovery.DiscoveryClient    : Application is null : false
founderlink-investment-service    |  1 --- [investment-service] [nio-8084-exec-3] o.springdoc.api.AbstractOpenApiResource  : Init duration for springdoc-openapi is: 73 ms
founderlink-auth-service          | 2026-03-27T16:48:49.748Z 2026-03-27 16:48:49 [main] INFO  c.netflix.discovery.DiscoveryClient - [,] - Registered Applications size is zero : true
founderlink-auth-service          |  1 --- [auth-service] [           main] com.netflix.discovery.DiscoveryClient    : Registered Applications size is zero : true
founderlink-auth-service          | 2026-03-27T16:48:49.749Z 2026-03-27 16:48:49 [main] INFO  c.netflix.discovery.DiscoveryClient - [,] - Application version is -1: true
founderlink-auth-service          |  1 --- [auth-service] [           main] com.netflix.discovery.DiscoveryClient    : Application version is -1: true
founderlink-auth-service          | 2026-03-27T16:48:49.749Z 2026-03-27 16:48:49 [main] INFO  c.netflix.discovery.DiscoveryClient - [,] - Getting all instance registry info from the eureka server
founderlink-auth-service          |  1 --- [auth-service] [           main] com.netflix.discovery.DiscoveryClient    : Getting all instance registry info from the eureka server
founderlink-auth-service          | 2026-03-27T16:48:51.144Z 2026-03-27 16:48:51 [main] INFO  c.netflix.discovery.DiscoveryClient - [,] - The response status is 200
founderlink-auth-service          |  1 --- [auth-service] [           main] com.netflix.discovery.DiscoveryClient    : The response status is 200
founderlink-auth-service          | 2026-03-27T16:48:51.151Z 2026-03-27 16:48:51 [main] INFO  c.netflix.discovery.DiscoveryClient - [,] - Starting heartbeat executor: renew interval is: 30
founderlink-auth-service          |  1 --- [auth-service] [           main] com.netflix.discovery.DiscoveryClient    : Starting heartbeat executor: renew interval is: 30
founderlink-auth-service          | 2026-03-27T16:48:51.158Z 2026-03-27 16:48:51 [main] INFO  c.n.discovery.InstanceInfoReplicator - [,] - InstanceInfoReplicator onDemand update allowed rate per min is 4
founderlink-auth-service          |  1 --- [auth-service] [           main] c.n.discovery.InstanceInfoReplicator     : InstanceInfoReplicator onDemand update allowed rate per min is 4
founderlink-auth-service          | 2026-03-27T16:48:51.166Z 2026-03-27 16:48:51 [main] INFO  c.netflix.discovery.DiscoveryClient - [,] - Discovery Client initialized at timestamp 1774630131165 with initial instances count: 1
founderlink-auth-service          |  1 --- [auth-service] [           main] com.netflix.discovery.DiscoveryClient    : Discovery Client initialized at timestamp 1774630131165 with initial instances count: 1
founderlink-rabbitmq              | 2026-03-27 16:39:35.656899+00:00 [info] <0.254.0> Running boot step rabbit_exchange_type_fanout defined by app rabbit[0m
founderlink-rabbitmq              | 2026-03-27 16:39:35.656954+00:00 [info] <0.254.0> Running boot step rabbit_exchange_type_headers defined by app rabbit[0m
founderlink-rabbitmq              | 2026-03-27 16:39:35.657013+00:00 [info] <0.254.0> Running boot step rabbit_exchange_type_topic defined by app rabbit[0m
founderlink-rabbitmq              | 2026-03-27 16:39:35.657057+00:00 [info] <0.254.0> Running boot step rabbit_mirror_queue_mode_all defined by app rabbit[0m
founderlink-rabbitmq              | 2026-03-27 16:39:35.657101+00:00 [info] <0.254.0> Running boot step rabbit_mirror_queue_mode_exactly defined by app rabbit[0m
founderlink-rabbitmq              | 2026-03-27 16:39:35.657185+00:00 [info] <0.254.0> Running boot step rabbit_mirror_queue_mode_nodes defined by app rabbit[0m
founderlink-rabbitmq              | 2026-03-27 16:39:35.657256+00:00 [info] <0.254.0> Running boot step rabbit_priority_queue defined by app rabbit[0m
founderlink-rabbitmq              | 2026-03-27 16:39:35.657295+00:00 [info] <0.254.0> Priority queues enabled, real BQ is rabbit_variable_queue[0m
founderlink-rabbitmq              | 2026-03-27 16:39:35.657367+00:00 [info] <0.254.0> Running boot step rabbit_queue_location_client_local defined by app rabbit[0m
founderlink-rabbitmq              | 2026-03-27 16:39:35.657443+00:00 [info] <0.254.0> Running boot step rabbit_queue_location_min_masters defined by app rabbit[0m
founderlink-rabbitmq              | 2026-03-27 16:39:35.657491+00:00 [info] <0.254.0> Running boot step rabbit_queue_location_random defined by app rabbit[0m
founderlink-rabbitmq              | 2026-03-27 16:39:35.657551+00:00 [info] <0.254.0> Running boot step kernel_ready defined by app rabbit[0m
founderlink-rabbitmq              | 2026-03-27 16:39:35.657584+00:00 [info] <0.254.0> Running boot step rabbit_sysmon_minder defined by app rabbit[0m
founderlink-rabbitmq              | 2026-03-27 16:39:35.657803+00:00 [info] <0.254.0> Running boot step rabbit_epmd_monitor defined by app rabbit[0m
founderlink-rabbitmq              | 2026-03-27 16:39:35.659000+00:00 [info] <0.578.0> epmd monitor knows us, inter-node communication (distribution) port: 25672[0m
founderlink-rabbitmq              | 2026-03-27 16:39:35.659275+00:00 [info] <0.254.0> Running boot step guid_generator defined by app rabbit[0m
founderlink-rabbitmq              | 2026-03-27 16:39:35.666111+00:00 [info] <0.254.0> Running boot step rabbit_node_monitor defined by app rabbit[0m
founderlink-rabbitmq              | 2026-03-27 16:39:35.667082+00:00 [info] <0.582.0> Starting rabbit_node_monitor (in ignore mode)[0m
founderlink-api-gateway           |  1 --- [api-gateway] [           main] DiscoveryClientOptionalArgsConfiguration : Eureka HTTP Client uses RestClient.
founderlink-api-gateway           | 2026-03-27T16:48:53.516Z 2026-03-27 16:48:53 [main] WARN  o.s.c.l.c.LoadBalancerCacheAutoConfiguration$LoadBalancerCaffeineWarnLogger - [,] - Spring Cloud LoadBalancer is currently working with the default cache. While this cache implementation is useful for development and tests, it's recommended to use Caffeine cache in production.You can switch to using Caffeine cache, by adding it and org.springframework.cache.caffeine.CaffeineCacheManager to the classpath.
founderlink-api-gateway           |  1 --- [api-gateway] [           main] iguration$LoadBalancerCaffeineWarnLogger : Spring Cloud LoadBalancer is currently working with the default cache. While this cache implementation is useful for development and tests, it's recommended to use Caffeine cache in production.You can switch to using Caffeine cache, by adding it and org.springframework.cache.caffeine.CaffeineCacheManager to the classpath.
founderlink-api-gateway           | 2026-03-27T16:48:53.686Z 2026-03-27 16:48:53 [main] INFO  o.s.c.n.eureka.InstanceInfoFactory - [,] - Setting initial instance status as: STARTING
founderlink-api-gateway           |  1 --- [api-gateway] [           main] o.s.c.n.eureka.InstanceInfoFactory       : Setting initial instance status as: STARTING
founderlink-api-gateway           | 2026-03-27T16:48:53.758Z 2026-03-27 16:48:53 [main] INFO  c.netflix.discovery.DiscoveryClient - [,] - Initializing Eureka in region us-east-1
founderlink-api-gateway           |  1 --- [api-gateway] [           main] com.netflix.discovery.DiscoveryClient    : Initializing Eureka in region us-east-1
founderlink-api-gateway           | 2026-03-27T16:48:53.770Z 2026-03-27 16:48:53 [main] INFO  c.n.d.s.r.aws.ConfigClusterResolver - [,] - Resolving eureka endpoints via configuration
founderlink-api-gateway           |  1 --- [api-gateway] [           main] c.n.d.s.r.aws.ConfigClusterResolver      : Resolving eureka endpoints via configuration
founderlink-api-gateway           | 2026-03-27T16:48:53.798Z 2026-03-27 16:48:53 [main] INFO  c.netflix.discovery.DiscoveryClient - [,] - Disable delta property : false
founderlink-api-gateway           |  1 --- [api-gateway] [           main] com.netflix.discovery.DiscoveryClient    : Disable delta property : false
founderlink-api-gateway           | 2026-03-27T16:48:53.799Z 2026-03-27 16:48:53 [main] INFO  c.netflix.discovery.DiscoveryClient - [,] - Single vip registry refresh property : null
founderlink-api-gateway           |  1 --- [api-gateway] [           main] com.netflix.discovery.DiscoveryClient    : Single vip registry refresh property : null
founderlink-api-gateway           | 2026-03-27T16:48:53.800Z 2026-03-27 16:48:53 [main] INFO  c.netflix.discovery.DiscoveryClient - [,] - Force full registry fetch : false
founderlink-messaging-service     |  1 --- [messaging-service] [           main] r$InitializeUserDetailsManagerConfigurer : Global AuthenticationManager configured with UserDetailsService bean with name inMemoryUserDetailsManager
founderlink-team-service          | 	Database JDBC URL [jdbc:postgresql://founderlink-postgres:5432/teams_db]
founderlink-startup-service       | 
founderlink-auth-service          | 2026-03-27T16:48:51.193Z 2026-03-27 16:48:51 [main] INFO  o.s.c.n.e.s.EurekaServiceRegistry - [,] - Registering application AUTH-SERVICE with eureka with status UP
founderlink-startup-service       | 2026-03-27T16:48:22.815Z 2026-03-27 16:48:22 [main] INFO  o.s.s.c.a.a.c.InitializeUserDetailsBeanManagerConfigurer$InitializeUserDetailsManagerConfigurer - [,] - Global AuthenticationManager configured with UserDetailsService bean with name inMemoryUserDetailsManager
founderlink-auth-service          |  1 --- [auth-service] [           main] o.s.c.n.e.s.EurekaServiceRegistry        : Registering application AUTH-SERVICE with eureka with status UP
founderlink-rabbitmq              | 2026-03-27 16:39:35.667514+00:00 [info] <0.254.0> Running boot step delegate_sup defined by app rabbit[0m
founderlink-rabbitmq              | 2026-03-27 16:39:35.669444+00:00 [info] <0.254.0> Running boot step rabbit_memory_monitor defined by app rabbit[0m
founderlink-rabbitmq              | 2026-03-27 16:39:35.670779+00:00 [info] <0.254.0> Running boot step rabbit_fifo_dlx_sup defined by app rabbit[0m
founderlink-rabbitmq              | 2026-03-27 16:39:35.671484+00:00 [info] <0.254.0> Running boot step core_initialized defined by app rabbit[0m
founderlink-rabbitmq              | 2026-03-27 16:39:35.671562+00:00 [info] <0.254.0> Running boot step rabbit_channel_tracking_handler defined by app rabbit[0m
founderlink-rabbitmq              | 2026-03-27 16:39:35.671717+00:00 [info] <0.254.0> Running boot step rabbit_connection_tracking_handler defined by app rabbit[0m
founderlink-rabbitmq              | 2026-03-27 16:39:35.671800+00:00 [info] <0.254.0> Running boot step rabbit_definitions_hashing defined by app rabbit[0m
founderlink-rabbitmq              | 2026-03-27 16:39:35.672002+00:00 [info] <0.254.0> Running boot step rabbit_exchange_parameters defined by app rabbit[0m
founderlink-rabbitmq              | 2026-03-27 16:39:35.739756+00:00 [info] <0.254.0> Running boot step rabbit_mirror_queue_misc defined by app rabbit[0m
founderlink-rabbitmq              | 2026-03-27 16:39:35.740911+00:00 [info] <0.254.0> Running boot step rabbit_policies defined by app rabbit[0m
founderlink-rabbitmq              | 2026-03-27 16:39:35.741669+00:00 [info] <0.254.0> Running boot step rabbit_policy defined by app rabbit[0m
founderlink-team-service          | 	Database driver: PostgreSQL JDBC Driver
founderlink-rabbitmq              | 2026-03-27 16:39:35.741830+00:00 [info] <0.254.0> Running boot step rabbit_queue_location_validator defined by app rabbit[0m
founderlink-team-service          | 	Database dialect: PostgreSQLDialect
founderlink-messaging-service     | 2026-03-27T16:48:46.513Z 2026-03-27 16:48:46 [main] INFO  o.s.c.n.e.c.DiscoveryClientOptionalArgsConfiguration - [,] - Eureka HTTP Client uses RestClient.
founderlink-messaging-service     |  1 --- [messaging-service] [           main] DiscoveryClientOptionalArgsConfiguration : Eureka HTTP Client uses RestClient.
founderlink-messaging-service     | 2026-03-27T16:48:46.676Z 2026-03-27 16:48:46 [main] WARN  o.s.c.l.c.LoadBalancerCacheAutoConfiguration$LoadBalancerCaffeineWarnLogger - [,] - Spring Cloud LoadBalancer is currently working with the default cache. While this cache implementation is useful for development and tests, it's recommended to use Caffeine cache in production.You can switch to using Caffeine cache, by adding it and org.springframework.cache.caffeine.CaffeineCacheManager to the classpath.
founderlink-messaging-service     |  1 --- [messaging-service] [           main] iguration$LoadBalancerCaffeineWarnLogger : Spring Cloud LoadBalancer is currently working with the default cache. While this cache implementation is useful for development and tests, it's recommended to use Caffeine cache in production.You can switch to using Caffeine cache, by adding it and org.springframework.cache.caffeine.CaffeineCacheManager to the classpath.
founderlink-messaging-service     | 2026-03-27T16:48:46.767Z 2026-03-27 16:48:46 [main] INFO  o.s.b.a.e.web.EndpointLinksResolver - [,] - Exposing 1 endpoint beneath base path '/actuator'
founderlink-messaging-service     |  1 --- [messaging-service] [           main] o.s.b.a.e.web.EndpointLinksResolver      : Exposing 1 endpoint beneath base path '/actuator'
founderlink-messaging-service     | 2026-03-27T16:48:47.166Z 2026-03-27 16:48:47 [main] INFO  o.s.c.n.eureka.InstanceInfoFactory - [,] - Setting initial instance status as: STARTING
founderlink-messaging-service     |  1 --- [messaging-service] [           main] o.s.c.n.eureka.InstanceInfoFactory       : Setting initial instance status as: STARTING
founderlink-messaging-service     | 2026-03-27T16:48:47.349Z 2026-03-27 16:48:47 [main] INFO  c.netflix.discovery.DiscoveryClient - [,] - Initializing Eureka in region us-east-1
founderlink-messaging-service     |  1 --- [messaging-service] [           main] com.netflix.discovery.DiscoveryClient    : Initializing Eureka in region us-east-1
founderlink-messaging-service     | 2026-03-27T16:48:47.381Z 2026-03-27 16:48:47 [main] INFO  c.n.d.s.r.aws.ConfigClusterResolver - [,] - Resolving eureka endpoints via configuration
founderlink-messaging-service     |  1 --- [messaging-service] [           main] c.n.d.s.r.aws.ConfigClusterResolver      : Resolving eureka endpoints via configuration
founderlink-messaging-service     | 2026-03-27T16:48:47.455Z 2026-03-27 16:48:47 [main] INFO  c.netflix.discovery.DiscoveryClient - [,] - Disable delta property : false
founderlink-messaging-service     |  1 --- [messaging-service] [           main] com.netflix.discovery.DiscoveryClient    : Disable delta property : false
founderlink-messaging-service     | 2026-03-27T16:48:47.458Z 2026-03-27 16:48:47 [main] INFO  c.netflix.discovery.DiscoveryClient - [,] - Single vip registry refresh property : null
founderlink-rabbitmq              | 2026-03-27 16:39:35.741922+00:00 [info] <0.254.0> Running boot step rabbit_quorum_memory_manager defined by app rabbit[0m
founderlink-startup-service       |  1 --- [startup-service] [           main] r$InitializeUserDetailsManagerConfigurer : Global AuthenticationManager configured with UserDetailsService bean with name inMemoryUserDetailsManager
founderlink-rabbitmq              | 2026-03-27 16:39:35.742046+00:00 [info] <0.254.0> Running boot step rabbit_quorum_queue defined by app rabbit[0m
founderlink-rabbitmq              | 2026-03-27 16:39:35.742199+00:00 [info] <0.254.0> Running boot step rabbit_stream_coordinator defined by app rabbit[0m
founderlink-rabbitmq              | 2026-03-27 16:39:35.742368+00:00 [info] <0.254.0> Running boot step rabbit_vhost_limit defined by app rabbit[0m
founderlink-rabbitmq              | 2026-03-27 16:39:35.742430+00:00 [info] <0.254.0> Running boot step rabbit_federation_parameters defined by app rabbitmq_federation[0m
founderlink-rabbitmq              | 2026-03-27 16:39:35.742591+00:00 [info] <0.254.0> Running boot step rabbit_federation_supervisor defined by app rabbitmq_federation[0m
founderlink-rabbitmq              | 2026-03-27 16:39:35.758612+00:00 [info] <0.254.0> Running boot step rabbit_federation_queue defined by app rabbitmq_federation[0m
founderlink-rabbitmq              | 2026-03-27 16:39:35.759203+00:00 [info] <0.254.0> Running boot step rabbit_federation_upstream_exchange defined by app rabbitmq_federation[0m
founderlink-rabbitmq              | 2026-03-27 16:39:35.759351+00:00 [info] <0.254.0> Running boot step rabbit_mgmt_reset_handler defined by app rabbitmq_management[0m
founderlink-rabbitmq              | 2026-03-27 16:39:35.759417+00:00 [info] <0.254.0> Running boot step rabbit_mgmt_db_handler defined by app rabbitmq_management_agent[0m
founderlink-rabbitmq              | 2026-03-27 16:39:35.759463+00:00 [info] <0.254.0> Management plugin: using rates mode 'basic'[0m
founderlink-rabbitmq              | 2026-03-27 16:39:35.759744+00:00 [info] <0.254.0> Running boot step recovery defined by app rabbit[0m
founderlink-rabbitmq              | 2026-03-27 16:39:35.790777+00:00 [info] <0.254.0> Running boot step empty_db_check defined by app rabbit[0m
founderlink-rabbitmq              | 2026-03-27 16:39:35.790934+00:00 [info] <0.254.0> Will seed default virtual host and user...[0m
founderlink-rabbitmq              | 2026-03-27 16:39:35.791160+00:00 [info] <0.254.0> Adding vhost '/' (description: 'Default virtual host', tags: [])[0m
founderlink-rabbitmq              | 2026-03-27 16:39:35.848817+00:00 [info] <0.642.0> Making sure data directory '/var/lib/rabbitmq/mnesia/rabbit@dad3a450f705/msg_stores/vhosts/628WB79CIFDYO9LJI6DKMI09L' for vhost '/' exists[0m
founderlink-rabbitmq              | 2026-03-27 16:39:35.850927+00:00 [info] <0.642.0> Setting segment_entry_count for vhost '/' with 0 queues to '2048'[0m
founderlink-rabbitmq              | 2026-03-27 16:39:35.881208+00:00 [info] <0.642.0> Starting message stores for vhost '/'[0m
founderlink-auth-service          | 2026-03-27T16:48:51.203Z 2026-03-27 16:48:51 [main] INFO  c.netflix.discovery.DiscoveryClient - [,] - Saw local status change event StatusChangeEvent [timestamp=1774630131203, current=UP, previous=STARTING]
founderlink-team-service          | 	Database version: 15.17
founderlink-rabbitmq              | 2026-03-27 16:39:35.882008+00:00 [info] <0.651.0> Message store "628WB79CIFDYO9LJI6DKMI09L/msg_store_transient": using rabbit_msg_store_ets_index to provide index[0m
founderlink-rabbitmq              | 2026-03-27 16:39:35.884224+00:00 [info] <0.642.0> Started message store of type transient for vhost '/'[0m
founderlink-rabbitmq              | 2026-03-27 16:39:35.884956+00:00 [info] <0.655.0> Message store "628WB79CIFDYO9LJI6DKMI09L/msg_store_persistent": using rabbit_msg_store_ets_index to provide index[0m
founderlink-rabbitmq              | [38;5;214m2026-03-27 16:39:35.886886+00:00 [warning] <0.655.0> Message store "628WB79CIFDYO9LJI6DKMI09L/msg_store_persistent": rebuilding indices from scratch[0m
founderlink-rabbitmq              | 2026-03-27 16:39:35.889937+00:00 [info] <0.642.0> Started message store of type persistent for vhost '/'[0m
founderlink-rabbitmq              | 2026-03-27 16:39:35.891049+00:00 [info] <0.642.0> Recovering 0 queues of type rabbit_classic_queue took 37ms[0m
founderlink-rabbitmq              | 2026-03-27 16:39:35.891265+00:00 [info] <0.642.0> Recovering 0 queues of type rabbit_quorum_queue took 0ms[0m
founderlink-rabbitmq              | 2026-03-27 16:39:35.891380+00:00 [info] <0.642.0> Recovering 0 queues of type rabbit_stream_queue took 0ms[0m
founderlink-user-service          | 2026-03-27T16:48:53.513Z 2026-03-27 16:48:53 [main] INFO  c.netflix.discovery.DiscoveryClient - [,] - Starting heartbeat executor: renew interval is: 30
founderlink-team-service          | 	Default catalog/schema: teams_db/public
founderlink-messaging-service     |  1 --- [messaging-service] [           main] com.netflix.discovery.DiscoveryClient    : Single vip registry refresh property : null
founderlink-team-service          | 	Autocommit mode: undefined/unknown
founderlink-team-service          | 	Isolation level: READ_COMMITTED [default READ_COMMITTED]
founderlink-team-service          | 	JDBC fetch size: none
founderlink-team-service          | 	Pool: DataSourceConnectionProvider
founderlink-rabbitmq              | 2026-03-27 16:39:35.900720+00:00 [info] <0.254.0> Created user 'guest'[0m
founderlink-team-service          | 	Minimum pool size: undefined/unknown
founderlink-rabbitmq              | 2026-03-27 16:39:35.907777+00:00 [info] <0.254.0> Successfully set user tags for user 'guest' to [administrator][0m
founderlink-team-service          | 	Maximum pool size: undefined/unknown
founderlink-rabbitmq              | 2026-03-27 16:39:35.915937+00:00 [info] <0.254.0> Successfully set permissions for user 'guest' in virtual host '/' to '.*', '.*', '.*'[0m
founderlink-team-service          | 2026-03-27T16:48:52.311Z 2026-03-27 16:48:52 [main] INFO  org.hibernate.orm.core - [,] - HHH000489: No JTA platform available (set 'hibernate.transaction.jta.platform' to enable JTA platform integration)
founderlink-team-service          |  1 --- [team-service] [           main] org.hibernate.orm.core                   : HHH000489: No JTA platform available (set 'hibernate.transaction.jta.platform' to enable JTA platform integration)
founderlink-team-service          | 2026-03-27T16:48:52.458Z 2026-03-27 16:48:52 [main] INFO  o.s.o.j.LocalContainerEntityManagerFactoryBean - [,] - Initialized JPA EntityManagerFactory for persistence unit 'default'
founderlink-team-service          |  1 --- [team-service] [           main] j.LocalContainerEntityManagerFactoryBean : Initialized JPA EntityManagerFactory for persistence unit 'default'
founderlink-team-service          | 2026-03-27T16:48:53.501Z 2026-03-27 16:48:53 [main] INFO  o.s.d.j.r.q.QueryEnhancerFactories - [,] - Hibernate is in classpath; If applicable, HQL parser will be used.
founderlink-team-service          |  1 --- [team-service] [           main] o.s.d.j.r.query.QueryEnhancerFactories   : Hibernate is in classpath; If applicable, HQL parser will be used.
founderlink-team-service          | 2026-03-27T16:48:54.839Z 2026-03-27 16:48:54 [main] WARN  o.s.b.j.a.JpaBaseConfiguration$JpaWebConfiguration - [,] - spring.jpa.open-in-view is enabled by default. Therefore, database queries may be performed during view rendering. Explicitly configure spring.jpa.open-in-view to disable this warning
founderlink-team-service          |  1 --- [team-service] [           main] JpaBaseConfiguration$JpaWebConfiguration : spring.jpa.open-in-view is enabled by default. Therefore, database queries may be performed during view rendering. Explicitly configure spring.jpa.open-in-view to disable this warning
founderlink-team-service          | 2026-03-27T16:48:55.364Z 2026-03-27 16:48:55 [main] INFO  o.s.c.o.FeignClientFactoryBean - [,] - For 'startup-service' URL not provided. Will try picking an instance via load-balancing.
founderlink-team-service          |  1 --- [team-service] [           main] o.s.c.openfeign.FeignClientFactoryBean   : For 'startup-service' URL not provided. Will try picking an instance via load-balancing.
founderlink-team-service          | 2026-03-27T16:48:57.214Z 2026-03-27 16:48:57 [main] WARN  o.s.b.s.a.UserDetailsServiceAutoConfiguration - [,] - 
founderlink-team-service          | 
founderlink-team-service          | Using generated security password: 98c1b49b-2283-4e0b-adee-bc1e37881f20
founderlink-team-service          | 
founderlink-team-service          | This generated password is for development use only. Your security configuration must be updated before running your application in production.
founderlink-team-service          | 
founderlink-team-service          |  1 --- [team-service] [           main] .s.a.UserDetailsServiceAutoConfiguration : 
founderlink-team-service          | 
founderlink-team-service          | Using generated security password: 98c1b49b-2283-4e0b-adee-bc1e37881f20
founderlink-team-service          | 
founderlink-team-service          | This generated password is for development use only. Your security configuration must be updated before running your application in production.
founderlink-team-service          | 
founderlink-team-service          | 2026-03-27T16:48:57.251Z 2026-03-27 16:48:57 [main] INFO  o.s.s.c.a.a.c.InitializeUserDetailsBeanManagerConfigurer$InitializeUserDetailsManagerConfigurer - [,] - Global AuthenticationManager configured with UserDetailsService bean with name inMemoryUserDetailsManager
founderlink-auth-service          |  1 --- [auth-service] [           main] com.netflix.discovery.DiscoveryClient    : Saw local status change event StatusChangeEvent [timestamp=1774630131203, current=UP, previous=STARTING]
founderlink-messaging-service     | 2026-03-27T16:48:47.464Z 2026-03-27 16:48:47 [main] INFO  c.netflix.discovery.DiscoveryClient - [,] - Force full registry fetch : false
founderlink-auth-service          | 2026-03-27T16:48:51.222Z 2026-03-27 16:48:51 [DiscoveryClient-InstanceInfoReplicator-%d] INFO  c.netflix.discovery.DiscoveryClient - [,] - DiscoveryClient_AUTH-SERVICE/f78953f1025c:auth-service:8081: registering service...
founderlink-messaging-service     |  1 --- [messaging-service] [           main] com.netflix.discovery.DiscoveryClient    : Force full registry fetch : false
founderlink-messaging-service     | 2026-03-27T16:48:47.465Z 2026-03-27 16:48:47 [main] INFO  c.netflix.discovery.DiscoveryClient - [,] - Application is null : false
founderlink-messaging-service     |  1 --- [messaging-service] [           main] com.netflix.discovery.DiscoveryClient    : Application is null : false
founderlink-messaging-service     | 2026-03-27T16:48:47.465Z 2026-03-27 16:48:47 [main] INFO  c.netflix.discovery.DiscoveryClient - [,] - Registered Applications size is zero : true
founderlink-messaging-service     |  1 --- [messaging-service] [           main] com.netflix.discovery.DiscoveryClient    : Registered Applications size is zero : true
founderlink-messaging-service     | 2026-03-27T16:48:47.465Z 2026-03-27 16:48:47 [main] INFO  c.netflix.discovery.DiscoveryClient - [,] - Application version is -1: true
founderlink-messaging-service     |  1 --- [messaging-service] [           main] com.netflix.discovery.DiscoveryClient    : Application version is -1: true
founderlink-messaging-service     | 2026-03-27T16:48:47.465Z 2026-03-27 16:48:47 [main] INFO  c.netflix.discovery.DiscoveryClient - [,] - Getting all instance registry info from the eureka server
founderlink-messaging-service     |  1 --- [messaging-service] [           main] com.netflix.discovery.DiscoveryClient    : Getting all instance registry info from the eureka server
founderlink-messaging-service     | 2026-03-27T16:48:48.506Z 2026-03-27 16:48:48 [main] INFO  c.netflix.discovery.DiscoveryClient - [,] - The response status is 200
founderlink-messaging-service     |  1 --- [messaging-service] [           main] com.netflix.discovery.DiscoveryClient    : The response status is 200
founderlink-messaging-service     | 2026-03-27T16:48:48.514Z 2026-03-27 16:48:48 [main] INFO  c.netflix.discovery.DiscoveryClient - [,] - Starting heartbeat executor: renew interval is: 30
founderlink-messaging-service     |  1 --- [messaging-service] [           main] com.netflix.discovery.DiscoveryClient    : Starting heartbeat executor: renew interval is: 30
founderlink-startup-service       | 2026-03-27T16:48:36.855Z 2026-03-27 16:48:36 [main] INFO  o.s.c.n.e.c.DiscoveryClientOptionalArgsConfiguration - [,] - Eureka HTTP Client uses RestClient.
founderlink-messaging-service     | 2026-03-27T16:48:48.520Z 2026-03-27 16:48:48 [main] INFO  c.n.discovery.InstanceInfoReplicator - [,] - InstanceInfoReplicator onDemand update allowed rate per min is 4
founderlink-startup-service       |  1 --- [startup-service] [           main] DiscoveryClientOptionalArgsConfiguration : Eureka HTTP Client uses RestClient.
founderlink-messaging-service     |  1 --- [messaging-service] [           main] c.n.discovery.InstanceInfoReplicator     : InstanceInfoReplicator onDemand update allowed rate per min is 4
founderlink-startup-service       | 2026-03-27T16:48:37.427Z 2026-03-27 16:48:37 [main] WARN  o.s.c.l.c.LoadBalancerCacheAutoConfiguration$LoadBalancerCaffeineWarnLogger - [,] - Spring Cloud LoadBalancer is currently working with the default cache. While this cache implementation is useful for development and tests, it's recommended to use Caffeine cache in production.You can switch to using Caffeine cache, by adding it and org.springframework.cache.caffeine.CaffeineCacheManager to the classpath.
founderlink-team-service          |  1 --- [team-service] [           main] r$InitializeUserDetailsManagerConfigurer : Global AuthenticationManager configured with UserDetailsService bean with name inMemoryUserDetailsManager
founderlink-messaging-service     | 2026-03-27T16:48:48.524Z 2026-03-27 16:48:48 [main] INFO  c.netflix.discovery.DiscoveryClient - [,] - Discovery Client initialized at timestamp 1774630128523 with initial instances count: 1
founderlink-team-service          | 2026-03-27T16:49:01.092Z 2026-03-27 16:49:01 [main] INFO  o.s.c.n.e.c.DiscoveryClientOptionalArgsConfiguration - [,] - Eureka HTTP Client uses RestClient.
founderlink-team-service          |  1 --- [team-service] [           main] DiscoveryClientOptionalArgsConfiguration : Eureka HTTP Client uses RestClient.
founderlink-team-service          | 2026-03-27T16:49:01.235Z 2026-03-27 16:49:01 [main] WARN  o.s.c.l.c.LoadBalancerCacheAutoConfiguration$LoadBalancerCaffeineWarnLogger - [,] - Spring Cloud LoadBalancer is currently working with the default cache. While this cache implementation is useful for development and tests, it's recommended to use Caffeine cache in production.You can switch to using Caffeine cache, by adding it and org.springframework.cache.caffeine.CaffeineCacheManager to the classpath.
founderlink-team-service          |  1 --- [team-service] [           main] iguration$LoadBalancerCaffeineWarnLogger : Spring Cloud LoadBalancer is currently working with the default cache. While this cache implementation is useful for development and tests, it's recommended to use Caffeine cache in production.You can switch to using Caffeine cache, by adding it and org.springframework.cache.caffeine.CaffeineCacheManager to the classpath.
founderlink-team-service          | 2026-03-27T16:49:01.264Z 2026-03-27 16:49:01 [main] INFO  o.s.b.a.e.web.EndpointLinksResolver - [,] - Exposing 1 endpoint beneath base path '/actuator'
founderlink-team-service          |  1 --- [team-service] [           main] o.s.b.a.e.web.EndpointLinksResolver      : Exposing 1 endpoint beneath base path '/actuator'
founderlink-team-service          | 2026-03-27T16:49:01.363Z 2026-03-27 16:49:01 [main] INFO  o.s.c.n.eureka.InstanceInfoFactory - [,] - Setting initial instance status as: STARTING
founderlink-team-service          |  1 --- [team-service] [           main] o.s.c.n.eureka.InstanceInfoFactory       : Setting initial instance status as: STARTING
founderlink-team-service          | 2026-03-27T16:49:01.389Z 2026-03-27 16:49:01 [main] INFO  c.netflix.discovery.DiscoveryClient - [,] - Initializing Eureka in region us-east-1
founderlink-team-service          |  1 --- [team-service] [           main] com.netflix.discovery.DiscoveryClient    : Initializing Eureka in region us-east-1
founderlink-team-service          | 2026-03-27T16:49:01.393Z 2026-03-27 16:49:01 [main] INFO  c.n.d.s.r.aws.ConfigClusterResolver - [,] - Resolving eureka endpoints via configuration
founderlink-team-service          |  1 --- [team-service] [           main] c.n.d.s.r.aws.ConfigClusterResolver      : Resolving eureka endpoints via configuration
founderlink-user-service          |  1 --- [user-service] [           main] com.netflix.discovery.DiscoveryClient    : Starting heartbeat executor: renew interval is: 30
founderlink-rabbitmq              | 2026-03-27 16:39:35.916287+00:00 [info] <0.254.0> Running boot step rabbit_observer_cli defined by app rabbit[0m
founderlink-user-service          | 2026-03-27T16:48:53.522Z 2026-03-27 16:48:53 [main] INFO  c.n.discovery.InstanceInfoReplicator - [,] - InstanceInfoReplicator onDemand update allowed rate per min is 4
founderlink-rabbitmq              | 2026-03-27 16:39:35.916475+00:00 [info] <0.254.0> Running boot step rabbit_looking_glass defined by app rabbit[0m
founderlink-user-service          |  1 --- [user-service] [           main] c.n.discovery.InstanceInfoReplicator     : InstanceInfoReplicator onDemand update allowed rate per min is 4
founderlink-rabbitmq              | 2026-03-27 16:39:35.916538+00:00 [info] <0.254.0> Running boot step rabbit_core_metrics_gc defined by app rabbit[0m
founderlink-user-service          | 2026-03-27T16:48:53.526Z 2026-03-27 16:48:53 [main] INFO  c.netflix.discovery.DiscoveryClient - [,] - Discovery Client initialized at timestamp 1774630133526 with initial instances count: 1
founderlink-team-service          | 2026-03-27T16:49:01.402Z 2026-03-27 16:49:01 [main] INFO  c.netflix.discovery.DiscoveryClient - [,] - Disable delta property : false
founderlink-user-service          |  1 --- [user-service] [           main] com.netflix.discovery.DiscoveryClient    : Discovery Client initialized at timestamp 1774630133526 with initial instances count: 1
founderlink-team-service          |  1 --- [team-service] [           main] com.netflix.discovery.DiscoveryClient    : Disable delta property : false
founderlink-auth-service          |  1 --- [auth-service] [foReplicator-%d] com.netflix.discovery.DiscoveryClient    : DiscoveryClient_AUTH-SERVICE/f78953f1025c:auth-service:8081: registering service...
founderlink-team-service          | 2026-03-27T16:49:01.402Z 2026-03-27 16:49:01 [main] INFO  c.netflix.discovery.DiscoveryClient - [,] - Single vip registry refresh property : null
founderlink-auth-service          | 2026-03-27T16:48:51.322Z 2026-03-27 16:48:51 [main] INFO  o.s.boot.tomcat.TomcatWebServer - [,] - Tomcat started on port 8081 (http) with context path '/'
founderlink-team-service          |  1 --- [team-service] [           main] com.netflix.discovery.DiscoveryClient    : Single vip registry refresh property : null
founderlink-auth-service          |  1 --- [auth-service] [           main] o.s.boot.tomcat.TomcatWebServer          : Tomcat started on port 8081 (http) with context path '/'
founderlink-team-service          | 2026-03-27T16:49:01.403Z 2026-03-27 16:49:01 [main] INFO  c.netflix.discovery.DiscoveryClient - [,] - Force full registry fetch : false
founderlink-team-service          |  1 --- [team-service] [           main] com.netflix.discovery.DiscoveryClient    : Force full registry fetch : false
founderlink-rabbitmq              | 2026-03-27 16:39:35.916935+00:00 [info] <0.254.0> Running boot step background_gc defined by app rabbit[0m
founderlink-rabbitmq              | 2026-03-27 16:39:35.917324+00:00 [info] <0.254.0> Running boot step routing_ready defined by app rabbit[0m
founderlink-user-service          | 2026-03-27T16:48:53.537Z 2026-03-27 16:48:53 [main] INFO  o.s.c.n.e.s.EurekaServiceRegistry - [,] - Registering application USER-SERVICE with eureka with status UP
founderlink-auth-service          | 2026-03-27T16:48:51.328Z 2026-03-27 16:48:51 [main] INFO  o.s.c.n.e.s.EurekaAutoServiceRegistration - [,] - Updating port to 8081
founderlink-user-service          |  1 --- [user-service] [           main] o.s.c.n.e.s.EurekaServiceRegistry        : Registering application USER-SERVICE with eureka with status UP
founderlink-startup-service       |  1 --- [startup-service] [           main] iguration$LoadBalancerCaffeineWarnLogger : Spring Cloud LoadBalancer is currently working with the default cache. While this cache implementation is useful for development and tests, it's recommended to use Caffeine cache in production.You can switch to using Caffeine cache, by adding it and org.springframework.cache.caffeine.CaffeineCacheManager to the classpath.
founderlink-team-service          | 2026-03-27T16:49:01.403Z 2026-03-27 16:49:01 [main] INFO  c.netflix.discovery.DiscoveryClient - [,] - Application is null : false
founderlink-team-service          |  1 --- [team-service] [           main] com.netflix.discovery.DiscoveryClient    : Application is null : false
founderlink-team-service          | 2026-03-27T16:49:01.403Z 2026-03-27 16:49:01 [main] INFO  c.netflix.discovery.DiscoveryClient - [,] - Registered Applications size is zero : true
founderlink-rabbitmq              | 2026-03-27 16:39:35.917428+00:00 [info] <0.254.0> Running boot step pre_flight defined by app rabbit[0m
founderlink-team-service          |  1 --- [team-service] [           main] com.netflix.discovery.DiscoveryClient    : Registered Applications size is zero : true
founderlink-rabbitmq              | 2026-03-27 16:39:35.917513+00:00 [info] <0.254.0> Running boot step notify_cluster defined by app rabbit[0m
founderlink-user-service          | 2026-03-27T16:48:53.538Z 2026-03-27 16:48:53 [main] INFO  c.netflix.discovery.DiscoveryClient - [,] - Saw local status change event StatusChangeEvent [timestamp=1774630133538, current=UP, previous=STARTING]
founderlink-rabbitmq              | 2026-03-27 16:39:35.917599+00:00 [info] <0.254.0> Running boot step networking defined by app rabbit[0m
founderlink-user-service          |  1 --- [user-service] [           main] com.netflix.discovery.DiscoveryClient    : Saw local status change event StatusChangeEvent [timestamp=1774630133538, current=UP, previous=STARTING]
founderlink-rabbitmq              | 2026-03-27 16:39:35.917630+00:00 [info] <0.254.0> Running boot step rabbit_quorum_queue_periodic_membership_reconciliation defined by app rabbit[0m
founderlink-user-service          | 2026-03-27T16:48:53.542Z 2026-03-27 16:48:53 [DiscoveryClient-InstanceInfoReplicator-%d] INFO  c.netflix.discovery.DiscoveryClient - [,] - DiscoveryClient_USER-SERVICE/352b0fb6f48e:user-service:8082: registering service...
founderlink-rabbitmq              | 2026-03-27 16:39:35.917784+00:00 [info] <0.254.0> Running boot step definition_import_worker_pool defined by app rabbit[0m
founderlink-user-service          |  1 --- [user-service] [foReplicator-%d] com.netflix.discovery.DiscoveryClient    : DiscoveryClient_USER-SERVICE/352b0fb6f48e:user-service:8082: registering service...
founderlink-rabbitmq              | 2026-03-27 16:39:35.917879+00:00 [info] <0.315.0> Starting worker pool 'definition_import_pool' with 16 processes in it[0m
founderlink-user-service          | 2026-03-27T16:48:53.589Z 2026-03-27 16:48:53 [main] INFO  o.s.boot.tomcat.TomcatWebServer - [,] - Tomcat started on port 8082 (http) with context path '/'
founderlink-user-service          |  1 --- [user-service] [           main] o.s.boot.tomcat.TomcatWebServer          : Tomcat started on port 8082 (http) with context path '/'
founderlink-user-service          | 2026-03-27T16:48:53.591Z 2026-03-27 16:48:53 [main] INFO  o.s.c.n.e.s.EurekaAutoServiceRegistration - [,] - Updating port to 8082
founderlink-api-gateway           |  1 --- [api-gateway] [           main] com.netflix.discovery.DiscoveryClient    : Force full registry fetch : false
founderlink-user-service          |  1 --- [user-service] [           main] .s.c.n.e.s.EurekaAutoServiceRegistration : Updating port to 8082
founderlink-api-gateway           | 2026-03-27T16:48:53.800Z 2026-03-27 16:48:53 [main] INFO  c.netflix.discovery.DiscoveryClient - [,] - Application is null : false
founderlink-team-service          | 2026-03-27T16:49:01.403Z 2026-03-27 16:49:01 [main] INFO  c.netflix.discovery.DiscoveryClient - [,] - Application version is -1: true
founderlink-api-gateway           |  1 --- [api-gateway] [           main] com.netflix.discovery.DiscoveryClient    : Application is null : false
founderlink-team-service          |  1 --- [team-service] [           main] com.netflix.discovery.DiscoveryClient    : Application version is -1: true
founderlink-messaging-service     |  1 --- [messaging-service] [           main] com.netflix.discovery.DiscoveryClient    : Discovery Client initialized at timestamp 1774630128523 with initial instances count: 1
founderlink-team-service          | 2026-03-27T16:49:01.403Z 2026-03-27 16:49:01 [main] INFO  c.netflix.discovery.DiscoveryClient - [,] - Getting all instance registry info from the eureka server
founderlink-team-service          |  1 --- [team-service] [           main] com.netflix.discovery.DiscoveryClient    : Getting all instance registry info from the eureka server
founderlink-team-service          | 2026-03-27T16:49:01.728Z 2026-03-27 16:49:01 [main] INFO  c.netflix.discovery.DiscoveryClient - [,] - The response status is 200
founderlink-team-service          |  1 --- [team-service] [           main] com.netflix.discovery.DiscoveryClient    : The response status is 200
founderlink-team-service          | 2026-03-27T16:49:01.730Z 2026-03-27 16:49:01 [main] INFO  c.netflix.discovery.DiscoveryClient - [,] - Starting heartbeat executor: renew interval is: 30
founderlink-team-service          |  1 --- [team-service] [           main] com.netflix.discovery.DiscoveryClient    : Starting heartbeat executor: renew interval is: 30
founderlink-team-service          | 2026-03-27T16:49:01.732Z 2026-03-27 16:49:01 [main] INFO  c.n.discovery.InstanceInfoReplicator - [,] - InstanceInfoReplicator onDemand update allowed rate per min is 4
founderlink-team-service          |  1 --- [team-service] [           main] c.n.discovery.InstanceInfoReplicator     : InstanceInfoReplicator onDemand update allowed rate per min is 4
founderlink-team-service          | 2026-03-27T16:49:01.733Z 2026-03-27 16:49:01 [main] INFO  c.netflix.discovery.DiscoveryClient - [,] - Discovery Client initialized at timestamp 1774630141733 with initial instances count: 7
founderlink-team-service          |  1 --- [team-service] [           main] com.netflix.discovery.DiscoveryClient    : Discovery Client initialized at timestamp 1774630141733 with initial instances count: 7
founderlink-rabbitmq              | 2026-03-27 16:39:35.918958+00:00 [info] <0.254.0> Running boot step cluster_name defined by app rabbit[0m
founderlink-messaging-service     | 2026-03-27T16:48:48.531Z 2026-03-27 16:48:48 [main] INFO  o.s.c.n.e.s.EurekaServiceRegistry - [,] - Registering application MESSAGING-SERVICE with eureka with status UP
founderlink-rabbitmq              | 2026-03-27 16:39:35.919451+00:00 [info] <0.254.0> Initialising internal cluster ID to 'rabbitmq-cluster-id-Tyfo1JCo91jLYAtt7MQ8hw'[0m
founderlink-messaging-service     |  1 --- [messaging-service] [           main] o.s.c.n.e.s.EurekaServiceRegistry        : Registering application MESSAGING-SERVICE with eureka with status UP
founderlink-messaging-service     | 2026-03-27T16:48:48.532Z 2026-03-27 16:48:48 [main] INFO  c.netflix.discovery.DiscoveryClient - [,] - Saw local status change event StatusChangeEvent [timestamp=1774630128532, current=UP, previous=STARTING]
founderlink-messaging-service     |  1 --- [messaging-service] [           main] com.netflix.discovery.DiscoveryClient    : Saw local status change event StatusChangeEvent [timestamp=1774630128532, current=UP, previous=STARTING]
founderlink-team-service          | 2026-03-27T16:49:01.743Z 2026-03-27 16:49:01 [main] INFO  o.s.c.n.e.s.EurekaServiceRegistry - [,] - Registering application TEAM-SERVICE with eureka with status UP
founderlink-messaging-service     | 2026-03-27T16:48:48.538Z 2026-03-27 16:48:48 [DiscoveryClient-InstanceInfoReplicator-%d] INFO  c.netflix.discovery.DiscoveryClient - [,] - DiscoveryClient_MESSAGING-SERVICE/291c1b697505:messaging-service:8086: registering service...
founderlink-messaging-service     |  1 --- [messaging-service] [foReplicator-%d] com.netflix.discovery.DiscoveryClient    : DiscoveryClient_MESSAGING-SERVICE/291c1b697505:messaging-service:8086: registering service...
founderlink-user-service          | 2026-03-27T16:48:53.638Z 2026-03-27 16:48:53 [main] INFO  c.f.u.UserServiceApplication - [,] - Started UserServiceApplication in 88.484 seconds (process running for 91.782)
founderlink-auth-service          |  1 --- [auth-service] [           main] .s.c.n.e.s.EurekaAutoServiceRegistration : Updating port to 8081
founderlink-user-service          |  1 --- [user-service] [           main] c.f.userservice.UserServiceApplication   : Started UserServiceApplication in 88.484 seconds (process running for 91.782)
founderlink-team-service          |  1 --- [team-service] [           main] o.s.c.n.e.s.EurekaServiceRegistry        : Registering application TEAM-SERVICE with eureka with status UP
founderlink-rabbitmq              | 2026-03-27 16:39:35.926060+00:00 [info] <0.254.0> Running boot step virtual_host_reconciliation defined by app rabbit[0m
founderlink-team-service          | 2026-03-27T16:49:01.743Z 2026-03-27 16:49:01 [main] INFO  c.netflix.discovery.DiscoveryClient - [,] - Saw local status change event StatusChangeEvent [timestamp=1774630141743, current=UP, previous=STARTING]
founderlink-messaging-service     | 2026-03-27T16:48:48.679Z 2026-03-27 16:48:48 [main] INFO  o.s.boot.tomcat.TomcatWebServer - [,] - Tomcat started on port 8086 (http) with context path '/'
founderlink-messaging-service     |  1 --- [messaging-service] [           main] o.s.boot.tomcat.TomcatWebServer          : Tomcat started on port 8086 (http) with context path '/'
founderlink-messaging-service     | 2026-03-27T16:48:48.683Z 2026-03-27 16:48:48 [main] INFO  o.s.c.n.e.s.EurekaAutoServiceRegistration - [,] - Updating port to 8086
founderlink-messaging-service     |  1 --- [messaging-service] [           main] .s.c.n.e.s.EurekaAutoServiceRegistration : Updating port to 8086
founderlink-messaging-service     | 2026-03-27T16:48:48.694Z 2026-03-27 16:48:48 [DiscoveryClient-InstanceInfoReplicator-%d] INFO  c.netflix.discovery.DiscoveryClient - [,] - DiscoveryClient_MESSAGING-SERVICE/291c1b697505:messaging-service:8086 - registration status: 204
founderlink-messaging-service     |  1 --- [messaging-service] [foReplicator-%d] com.netflix.discovery.DiscoveryClient    : DiscoveryClient_MESSAGING-SERVICE/291c1b697505:messaging-service:8086 - registration status: 204
founderlink-messaging-service     | 2026-03-27T16:48:48.808Z 2026-03-27 16:48:48 [main] INFO  c.f.m.MessagingServiceApplication - [,] - Started MessagingServiceApplication in 82.362 seconds (process running for 86.875)
founderlink-messaging-service     |  1 --- [messaging-service] [           main] c.f.m.MessagingServiceApplication        : Started MessagingServiceApplication in 82.362 seconds (process running for 86.875)
founderlink-rabbitmq              | 2026-03-27 16:39:35.926707+00:00 [info] <0.254.0> Running boot step direct_client defined by app rabbit[0m
founderlink-rabbitmq              | 2026-03-27 16:39:35.927149+00:00 [info] <0.254.0> Running boot step rabbit_federation_exchange defined by app rabbitmq_federation[0m
founderlink-rabbitmq              | 2026-03-27 16:39:35.927447+00:00 [info] <0.254.0> Running boot step rabbit_management_load_definitions defined by app rabbitmq_management[0m
founderlink-rabbitmq              | 2026-03-27 16:39:35.927623+00:00 [info] <0.704.0> Resetting node maintenance status[0m
founderlink-rabbitmq              | [38;5;214m2026-03-27 16:39:36.343197+00:00 [warning] <0.733.0> Deprecated features: `management_metrics_collection`: Feature `management_metrics_collection` is deprecated.[0m
founderlink-rabbitmq              | [38;5;214m2026-03-27 16:39:36.343197+00:00 [warning] <0.733.0> By default, this feature can still be used for now.[0m
founderlink-rabbitmq              | [38;5;214m2026-03-27 16:39:36.343197+00:00 [warning] <0.733.0> Its use will not be permitted by default in a future minor RabbitMQ version and the feature will be removed from a future major RabbitMQ version; actual versions to be determined.[0m
founderlink-rabbitmq              | [38;5;214m2026-03-27 16:39:36.343197+00:00 [warning] <0.733.0> To continue using this feature when it is not permitted by default, set the following parameter in your configuration:[0m
founderlink-rabbitmq              | [38;5;214m2026-03-27 16:39:36.343197+00:00 [warning] <0.733.0>     "deprecated_features.permit.management_metrics_collection = true"[0m
founderlink-rabbitmq              | [38;5;214m2026-03-27 16:39:36.343197+00:00 [warning] <0.733.0> To test RabbitMQ as if the feature was removed, set this in your configuration:[0m
founderlink-rabbitmq              | [38;5;214m2026-03-27 16:39:36.343197+00:00 [warning] <0.733.0>     "deprecated_features.permit.management_metrics_collection = false"[0m
founderlink-auth-service          | 2026-03-27T16:48:51.390Z 2026-03-27 16:48:51 [main] INFO  c.f.a.AuthServiceApplication - [,] - Started AuthServiceApplication in 86.682 seconds (process running for 89.569)
founderlink-auth-service          |  1 --- [auth-service] [           main] c.f.authservice.AuthServiceApplication   : Started AuthServiceApplication in 86.682 seconds (process running for 89.569)
founderlink-auth-service          | 2026-03-27T16:48:51.433Z 2026-03-27 16:48:51 [DiscoveryClient-InstanceInfoReplicator-%d] INFO  c.netflix.discovery.DiscoveryClient - [,] - DiscoveryClient_AUTH-SERVICE/f78953f1025c:auth-service:8081 - registration status: 204
founderlink-auth-service          |  1 --- [auth-service] [foReplicator-%d] com.netflix.discovery.DiscoveryClient    : DiscoveryClient_AUTH-SERVICE/f78953f1025c:auth-service:8081 - registration status: 204
founderlink-auth-service          | Hibernate: select r1_0.id,r1_0.name from roles r1_0 where r1_0.name=?
founderlink-auth-service          | Hibernate: select r1_0.id,r1_0.name from roles r1_0 where r1_0.name=?
founderlink-auth-service          | Hibernate: select r1_0.id,r1_0.name from roles r1_0 where r1_0.name=?
founderlink-auth-service          | Hibernate: select r1_0.id,r1_0.name from roles r1_0 where r1_0.name=?
founderlink-auth-service          | 2026-03-27T16:48:51.986Z 2026-03-27 16:48:51 [main] WARN  o.s.c.events.SpringDocAppInitializer - [,] - SpringDoc /auth/v3/api-docs endpoint is enabled by default. To disable it in production, set the property 'springdoc.api-docs.enabled=false'
founderlink-auth-service          |  1 --- [auth-service] [           main] o.s.core.events.SpringDocAppInitializer  : SpringDoc /auth/v3/api-docs endpoint is enabled by default. To disable it in production, set the property 'springdoc.api-docs.enabled=false'
founderlink-auth-service          | 2026-03-27T16:48:51.986Z 2026-03-27 16:48:51 [main] WARN  o.s.c.events.SpringDocAppInitializer - [,] - SpringDoc /swagger-ui.html endpoint is enabled by default. To disable it in production, set the property 'springdoc.swagger-ui.enabled=false'
founderlink-auth-service          |  1 --- [auth-service] [           main] o.s.core.events.SpringDocAppInitializer  : SpringDoc /swagger-ui.html endpoint is enabled by default. To disable it in production, set the property 'springdoc.swagger-ui.enabled=false'
founderlink-auth-service          | 2026-03-27T16:48:51.988Z 2026-03-27 16:48:51 [main] INFO  c.f.a.AuthServiceApplication - [,] - FounderLink Auth Service started successfully on port 8081!
founderlink-auth-service          |  1 --- [auth-service] [           main] c.f.authservice.AuthServiceApplication   : FounderLink Auth Service started successfully on port 8081!
founderlink-team-service          |  1 --- [team-service] [           main] com.netflix.discovery.DiscoveryClient    : Saw local status change event StatusChangeEvent [timestamp=1774630141743, current=UP, previous=STARTING]
founderlink-auth-service          | 2026-03-27T16:49:50.885Z 2026-03-27 16:49:50 [http-nio-8081-exec-1] INFO  o.a.c.c.C.[Tomcat].[localhost].[/] - [,] - Initializing Spring DispatcherServlet 'dispatcherServlet'
founderlink-team-service          | 2026-03-27T16:49:01.746Z 2026-03-27 16:49:01 [DiscoveryClient-InstanceInfoReplicator-%d] INFO  c.netflix.discovery.DiscoveryClient - [,] - DiscoveryClient_TEAM-SERVICE/29b95db389ef:team-service:8085: registering service...
founderlink-startup-service       | 2026-03-27T16:48:37.527Z 2026-03-27 16:48:37 [main] INFO  o.s.b.a.e.web.EndpointLinksResolver - [,] - Exposing 1 endpoint beneath base path '/actuator'
founderlink-rabbitmq              | 2026-03-27 16:39:40.439491+00:00 [info] <0.770.0> Management plugin: HTTP (non-TLS) listener started on port 15672[0m
founderlink-startup-service       |  1 --- [startup-service] [           main] o.s.b.a.e.web.EndpointLinksResolver      : Exposing 1 endpoint beneath base path '/actuator'
founderlink-startup-service       | 2026-03-27T16:48:38.039Z 2026-03-27 16:48:38 [main] INFO  o.s.c.n.eureka.InstanceInfoFactory - [,] - Setting initial instance status as: STARTING
founderlink-startup-service       |  1 --- [startup-service] [           main] o.s.c.n.eureka.InstanceInfoFactory       : Setting initial instance status as: STARTING
founderlink-startup-service       | 2026-03-27T16:48:38.306Z 2026-03-27 16:48:38 [main] INFO  c.netflix.discovery.DiscoveryClient - [,] - Initializing Eureka in region us-east-1
founderlink-startup-service       |  1 --- [startup-service] [           main] com.netflix.discovery.DiscoveryClient    : Initializing Eureka in region us-east-1
founderlink-startup-service       | 2026-03-27T16:48:38.337Z 2026-03-27 16:48:38 [main] INFO  c.n.d.s.r.aws.ConfigClusterResolver - [,] - Resolving eureka endpoints via configuration
founderlink-startup-service       |  1 --- [startup-service] [           main] c.n.d.s.r.aws.ConfigClusterResolver      : Resolving eureka endpoints via configuration
founderlink-startup-service       | 2026-03-27T16:48:38.418Z 2026-03-27 16:48:38 [main] INFO  c.netflix.discovery.DiscoveryClient - [,] - Disable delta property : false
founderlink-startup-service       |  1 --- [startup-service] [           main] com.netflix.discovery.DiscoveryClient    : Disable delta property : false
founderlink-startup-service       | 2026-03-27T16:48:38.419Z 2026-03-27 16:48:38 [main] INFO  c.netflix.discovery.DiscoveryClient - [,] - Single vip registry refresh property : null
founderlink-startup-service       |  1 --- [startup-service] [           main] com.netflix.discovery.DiscoveryClient    : Single vip registry refresh property : null
founderlink-startup-service       | 2026-03-27T16:48:38.420Z 2026-03-27 16:48:38 [main] INFO  c.netflix.discovery.DiscoveryClient - [,] - Force full registry fetch : false
founderlink-startup-service       |  1 --- [startup-service] [           main] com.netflix.discovery.DiscoveryClient    : Force full registry fetch : false
founderlink-startup-service       | 2026-03-27T16:48:38.420Z 2026-03-27 16:48:38 [main] INFO  c.netflix.discovery.DiscoveryClient - [,] - Application is null : false
founderlink-startup-service       |  1 --- [startup-service] [           main] com.netflix.discovery.DiscoveryClient    : Application is null : false
founderlink-auth-service          |  1 --- [auth-service] [nio-8081-exec-1] o.a.c.c.C.[Tomcat].[localhost].[/]       : Initializing Spring DispatcherServlet 'dispatcherServlet'
founderlink-startup-service       | 2026-03-27T16:48:38.420Z 2026-03-27 16:48:38 [main] INFO  c.netflix.discovery.DiscoveryClient - [,] - Registered Applications size is zero : true
founderlink-auth-service          | 2026-03-27T16:49:50.885Z 2026-03-27 16:49:50 [http-nio-8081-exec-1] INFO  o.s.web.servlet.DispatcherServlet - [,] - Initializing Servlet 'dispatcherServlet'
founderlink-auth-service          |  1 --- [auth-service] [nio-8081-exec-1] o.s.web.servlet.DispatcherServlet        : Initializing Servlet 'dispatcherServlet'
founderlink-auth-service          | 2026-03-27T16:49:50.886Z 2026-03-27 16:49:50 [http-nio-8081-exec-1] INFO  o.s.web.servlet.DispatcherServlet - [,] - Completed initialization in 1 ms
founderlink-auth-service          |  1 --- [auth-service] [nio-8081-exec-1] o.s.web.servlet.DispatcherServlet        : Completed initialization in 1 ms
founderlink-auth-service          | 2026-03-27T16:49:54.965Z 2026-03-27 16:49:54 [http-nio-8081-exec-3] INFO  o.s.api.AbstractOpenApiResource - [,] - Init duration for springdoc-openapi is: 285 ms
founderlink-auth-service          |  1 --- [auth-service] [nio-8081-exec-3] o.springdoc.api.AbstractOpenApiResource  : Init duration for springdoc-openapi is: 285 ms
founderlink-auth-service          | 2026-03-27T16:50:39.941Z 2026-03-27 16:50:39 [http-nio-8081-exec-4] INFO  o.s.api.AbstractOpenApiResource - [,] - Init duration for springdoc-openapi is: 127 ms
founderlink-auth-service          |  1 --- [auth-service] [nio-8081-exec-4] o.springdoc.api.AbstractOpenApiResource  : Init duration for springdoc-openapi is: 127 ms
founderlink-messaging-service     | 2026-03-27T16:48:49.063Z 2026-03-27 16:48:49 [main] WARN  o.s.c.events.SpringDocAppInitializer - [,] - SpringDoc /messages/v3/api-docs endpoint is enabled by default. To disable it in production, set the property 'springdoc.api-docs.enabled=false'
founderlink-messaging-service     |  1 --- [messaging-service] [           main] o.s.core.events.SpringDocAppInitializer  : SpringDoc /messages/v3/api-docs endpoint is enabled by default. To disable it in production, set the property 'springdoc.api-docs.enabled=false'
founderlink-messaging-service     | 2026-03-27T16:48:49.066Z 2026-03-27 16:48:49 [main] WARN  o.s.c.events.SpringDocAppInitializer - [,] - SpringDoc /swagger-ui.html endpoint is enabled by default. To disable it in production, set the property 'springdoc.swagger-ui.enabled=false'
founderlink-messaging-service     |  1 --- [messaging-service] [           main] o.s.core.events.SpringDocAppInitializer  : SpringDoc /swagger-ui.html endpoint is enabled by default. To disable it in production, set the property 'springdoc.swagger-ui.enabled=false'
founderlink-messaging-service     | 2026-03-27T16:49:51.576Z 2026-03-27 16:49:51 [http-nio-8086-exec-1] INFO  o.a.c.c.C.[Tomcat].[localhost].[/] - [,] - Initializing Spring DispatcherServlet 'dispatcherServlet'
founderlink-user-service          | 2026-03-27T16:48:53.797Z 2026-03-27 16:48:53 [DiscoveryClient-InstanceInfoReplicator-%d] INFO  c.netflix.discovery.DiscoveryClient - [,] - DiscoveryClient_USER-SERVICE/352b0fb6f48e:user-service:8082 - registration status: 204
founderlink-messaging-service     |  1 --- [messaging-service] [nio-8086-exec-1] o.a.c.c.C.[Tomcat].[localhost].[/]       : Initializing Spring DispatcherServlet 'dispatcherServlet'
founderlink-user-service          |  1 --- [user-service] [foReplicator-%d] com.netflix.discovery.DiscoveryClient    : DiscoveryClient_USER-SERVICE/352b0fb6f48e:user-service:8082 - registration status: 204
founderlink-rabbitmq              | 2026-03-27 16:39:40.439647+00:00 [info] <0.800.0> Statistics database started.[0m
founderlink-user-service          | 2026-03-27T16:48:53.831Z 2026-03-27 16:48:53 [main] WARN  o.s.c.events.SpringDocAppInitializer - [,] - SpringDoc /users/v3/api-docs endpoint is enabled by default. To disable it in production, set the property 'springdoc.api-docs.enabled=false'
founderlink-user-service          |  1 --- [user-service] [           main] o.s.core.events.SpringDocAppInitializer  : SpringDoc /users/v3/api-docs endpoint is enabled by default. To disable it in production, set the property 'springdoc.api-docs.enabled=false'
founderlink-user-service          | 2026-03-27T16:48:53.832Z 2026-03-27 16:48:53 [main] WARN  o.s.c.events.SpringDocAppInitializer - [,] - SpringDoc /swagger-ui.html endpoint is enabled by default. To disable it in production, set the property 'springdoc.swagger-ui.enabled=false'
founderlink-user-service          |  1 --- [user-service] [           main] o.s.core.events.SpringDocAppInitializer  : SpringDoc /swagger-ui.html endpoint is enabled by default. To disable it in production, set the property 'springdoc.swagger-ui.enabled=false'
founderlink-user-service          | 2026-03-27T16:48:53.834Z 2026-03-27 16:48:53 [main] INFO  c.f.u.UserServiceApplication - [,] - FounderLink User Service started on port 8082
founderlink-user-service          |  1 --- [user-service] [           main] c.f.userservice.UserServiceApplication   : FounderLink User Service started on port 8082
founderlink-user-service          | 2026-03-27T16:49:50.968Z 2026-03-27 16:49:50 [http-nio-8082-exec-1] INFO  o.a.c.c.C.[Tomcat].[localhost].[/] - [,] - Initializing Spring DispatcherServlet 'dispatcherServlet'
founderlink-user-service          |  1 --- [user-service] [nio-8082-exec-1] o.a.c.c.C.[Tomcat].[localhost].[/]       : Initializing Spring DispatcherServlet 'dispatcherServlet'
founderlink-user-service          | 2026-03-27T16:49:50.968Z 2026-03-27 16:49:50 [http-nio-8082-exec-1] INFO  o.s.web.servlet.DispatcherServlet - [,] - Initializing Servlet 'dispatcherServlet'
founderlink-user-service          |  1 --- [user-service] [nio-8082-exec-1] o.s.web.servlet.DispatcherServlet        : Initializing Servlet 'dispatcherServlet'
founderlink-user-service          | 2026-03-27T16:49:50.970Z 2026-03-27 16:49:50 [http-nio-8082-exec-1] INFO  o.s.web.servlet.DispatcherServlet - [,] - Completed initialization in 2 ms
founderlink-user-service          |  1 --- [user-service] [nio-8082-exec-1] o.s.web.servlet.DispatcherServlet        : Completed initialization in 2 ms
founderlink-user-service          | 2026-03-27T16:49:55.465Z 2026-03-27 16:49:55 [http-nio-8082-exec-3] INFO  o.s.api.AbstractOpenApiResource - [,] - Init duration for springdoc-openapi is: 380 ms
founderlink-rabbitmq              | 2026-03-27 16:39:40.439713+00:00 [info] <0.799.0> Starting worker pool 'management_worker_pool' with 3 processes in it[0m
founderlink-rabbitmq              | 2026-03-27 16:39:40.448658+00:00 [info] <0.818.0> Prometheus metrics: HTTP (non-TLS) listener started on port 15692[0m
founderlink-rabbitmq              | 2026-03-27 16:39:40.448765+00:00 [info] <0.704.0> Ready to start client connection listeners[0m
founderlink-startup-service       |  1 --- [startup-service] [           main] com.netflix.discovery.DiscoveryClient    : Registered Applications size is zero : true
founderlink-user-service          |  1 --- [user-service] [nio-8082-exec-3] o.springdoc.api.AbstractOpenApiResource  : Init duration for springdoc-openapi is: 380 ms
founderlink-startup-service       | 2026-03-27T16:48:38.421Z 2026-03-27 16:48:38 [main] INFO  c.netflix.discovery.DiscoveryClient - [,] - Application version is -1: true
founderlink-messaging-service     | 2026-03-27T16:49:51.576Z 2026-03-27 16:49:51 [http-nio-8086-exec-1] INFO  o.s.web.servlet.DispatcherServlet - [,] - Initializing Servlet 'dispatcherServlet'
founderlink-startup-service       |  1 --- [startup-service] [           main] com.netflix.discovery.DiscoveryClient    : Application version is -1: true
founderlink-messaging-service     |  1 --- [messaging-service] [nio-8086-exec-1] o.s.web.servlet.DispatcherServlet        : Initializing Servlet 'dispatcherServlet'
founderlink-team-service          |  1 --- [team-service] [foReplicator-%d] com.netflix.discovery.DiscoveryClient    : DiscoveryClient_TEAM-SERVICE/29b95db389ef:team-service:8085: registering service...
founderlink-team-service          | 2026-03-27T16:49:01.765Z 2026-03-27 16:49:01 [main] INFO  o.s.boot.tomcat.TomcatWebServer - [,] - Tomcat started on port 8085 (http) with context path '/'
founderlink-team-service          |  1 --- [team-service] [           main] o.s.boot.tomcat.TomcatWebServer          : Tomcat started on port 8085 (http) with context path '/'
founderlink-team-service          | 2026-03-27T16:49:01.767Z 2026-03-27 16:49:01 [main] INFO  o.s.c.n.e.s.EurekaAutoServiceRegistration - [,] - Updating port to 8085
founderlink-team-service          |  1 --- [team-service] [           main] .s.c.n.e.s.EurekaAutoServiceRegistration : Updating port to 8085
founderlink-team-service          | 2026-03-27T16:49:01.793Z 2026-03-27 16:49:01 [main] INFO  c.f.t.TeamServiceApplication - [,] - Started TeamServiceApplication in 96.386 seconds (process running for 100.003)
founderlink-team-service          |  1 --- [team-service] [           main] c.f.teamservice.TeamServiceApplication   : Started TeamServiceApplication in 96.386 seconds (process running for 100.003)
founderlink-api-gateway           | 2026-03-27T16:48:53.800Z 2026-03-27 16:48:53 [main] INFO  c.netflix.discovery.DiscoveryClient - [,] - Registered Applications size is zero : true
founderlink-rabbitmq              | 2026-03-27 16:39:40.450162+00:00 [info] <0.862.0> started TCP listener on [::]:5672[0m
founderlink-api-gateway           |  1 --- [api-gateway] [           main] com.netflix.discovery.DiscoveryClient    : Registered Applications size is zero : true
founderlink-rabbitmq              |  completed with 5 plugins.
founderlink-user-service          | 2026-03-27T16:50:54.813Z 2026-03-27 16:50:54 [http-nio-8082-exec-4] INFO  o.s.api.AbstractOpenApiResource - [,] - Init duration for springdoc-openapi is: 106 ms
founderlink-rabbitmq              | 2026-03-27 16:39:40.488723+00:00 [info] <0.704.0> Server startup complete; 5 plugins started.[0m
founderlink-user-service          |  1 --- [user-service] [nio-8082-exec-4] o.springdoc.api.AbstractOpenApiResource  : Init duration for springdoc-openapi is: 106 ms
founderlink-startup-service       | 2026-03-27T16:48:38.421Z 2026-03-27 16:48:38 [main] INFO  c.netflix.discovery.DiscoveryClient - [,] - Getting all instance registry info from the eureka server
founderlink-startup-service       |  1 --- [startup-service] [           main] com.netflix.discovery.DiscoveryClient    : Getting all instance registry info from the eureka server
founderlink-startup-service       | 2026-03-27T16:48:39.732Z 2026-03-27 16:48:39 [main] INFO  c.netflix.discovery.DiscoveryClient - [,] - The response status is 200
founderlink-startup-service       |  1 --- [startup-service] [           main] com.netflix.discovery.DiscoveryClient    : The response status is 200
founderlink-startup-service       | 2026-03-27T16:48:39.746Z 2026-03-27 16:48:39 [main] INFO  c.netflix.discovery.DiscoveryClient - [,] - Starting heartbeat executor: renew interval is: 30
founderlink-startup-service       |  1 --- [startup-service] [           main] com.netflix.discovery.DiscoveryClient    : Starting heartbeat executor: renew interval is: 30
founderlink-startup-service       | 2026-03-27T16:48:39.775Z 2026-03-27 16:48:39 [main] INFO  c.n.discovery.InstanceInfoReplicator - [,] - InstanceInfoReplicator onDemand update allowed rate per min is 4
founderlink-startup-service       |  1 --- [startup-service] [           main] c.n.discovery.InstanceInfoReplicator     : InstanceInfoReplicator onDemand update allowed rate per min is 4
founderlink-startup-service       | 2026-03-27T16:48:39.781Z 2026-03-27 16:48:39 [main] INFO  c.netflix.discovery.DiscoveryClient - [,] - Discovery Client initialized at timestamp 1774630119780 with initial instances count: 1
founderlink-startup-service       |  1 --- [startup-service] [           main] com.netflix.discovery.DiscoveryClient    : Discovery Client initialized at timestamp 1774630119780 with initial instances count: 1
founderlink-startup-service       | 2026-03-27T16:48:39.809Z 2026-03-27 16:48:39 [main] INFO  o.s.c.n.e.s.EurekaServiceRegistry - [,] - Registering application STARTUP-SERVICE with eureka with status UP
founderlink-startup-service       |  1 --- [startup-service] [           main] o.s.c.n.e.s.EurekaServiceRegistry        : Registering application STARTUP-SERVICE with eureka with status UP
founderlink-team-service          | 2026-03-27T16:49:01.798Z 2026-03-27 16:49:01 [DiscoveryClient-InstanceInfoReplicator-%d] INFO  c.netflix.discovery.DiscoveryClient - [,] - DiscoveryClient_TEAM-SERVICE/29b95db389ef:team-service:8085 - registration status: 204
founderlink-messaging-service     | 2026-03-27T16:49:51.579Z 2026-03-27 16:49:51 [http-nio-8086-exec-1] INFO  o.s.web.servlet.DispatcherServlet - [,] - Completed initialization in 3 ms
founderlink-team-service          |  1 --- [team-service] [foReplicator-%d] com.netflix.discovery.DiscoveryClient    : DiscoveryClient_TEAM-SERVICE/29b95db389ef:team-service:8085 - registration status: 204
founderlink-startup-service       | 2026-03-27T16:48:39.816Z 2026-03-27 16:48:39 [main] INFO  c.netflix.discovery.DiscoveryClient - [,] - Saw local status change event StatusChangeEvent [timestamp=1774630119816, current=UP, previous=STARTING]
founderlink-team-service          | 2026-03-27T16:49:01.835Z 2026-03-27 16:49:01 [main] WARN  o.s.c.events.SpringDocAppInitializer - [,] - SpringDoc /teams/v3/api-docs endpoint is enabled by default. To disable it in production, set the property 'springdoc.api-docs.enabled=false'
founderlink-startup-service       |  1 --- [startup-service] [           main] com.netflix.discovery.DiscoveryClient    : Saw local status change event StatusChangeEvent [timestamp=1774630119816, current=UP, previous=STARTING]
founderlink-team-service          |  1 --- [team-service] [           main] o.s.core.events.SpringDocAppInitializer  : SpringDoc /teams/v3/api-docs endpoint is enabled by default. To disable it in production, set the property 'springdoc.api-docs.enabled=false'
founderlink-messaging-service     |  1 --- [messaging-service] [nio-8086-exec-1] o.s.web.servlet.DispatcherServlet        : Completed initialization in 3 ms
founderlink-startup-service       | 2026-03-27T16:48:39.825Z 2026-03-27 16:48:39 [DiscoveryClient-InstanceInfoReplicator-%d] INFO  c.netflix.discovery.DiscoveryClient - [,] - DiscoveryClient_STARTUP-SERVICE/bf2189b4edd6:startup-service:8083: registering service...
founderlink-messaging-service     | 2026-03-27T16:49:51.621Z 2026-03-27 16:49:51 [http-nio-8086-exec-1] ERROR c.f.m.e.GlobalExceptionHandler - [,] - Unhandled messaging-service exception
founderlink-startup-service       |  1 --- [startup-service] [foReplicator-%d] com.netflix.discovery.DiscoveryClient    : DiscoveryClient_STARTUP-SERVICE/bf2189b4edd6:startup-service:8083: registering service...
founderlink-messaging-service     |  1 --- [messaging-service] [nio-8086-exec-1] c.f.m.exception.GlobalExceptionHandler   : Unhandled messaging-service exception
founderlink-startup-service       | 2026-03-27T16:48:40.056Z 2026-03-27 16:48:40 [main] INFO  o.s.boot.tomcat.TomcatWebServer - [,] - Tomcat started on port 8083 (http) with context path '/'
founderlink-messaging-service     | 
founderlink-startup-service       |  1 --- [startup-service] [           main] o.s.boot.tomcat.TomcatWebServer          : Tomcat started on port 8083 (http) with context path '/'
founderlink-messaging-service     | org.springframework.web.servlet.resource.NoResourceFoundException: No static resource v3/api-docs for request '/v3/api-docs'.
founderlink-startup-service       | 2026-03-27T16:48:40.077Z 2026-03-27 16:48:40 [main] INFO  o.s.c.n.e.s.EurekaAutoServiceRegistration - [,] - Updating port to 8083
founderlink-messaging-service     | 	at org.springframework.web.servlet.resource.ResourceHttpRequestHandler.handleRequest(ResourceHttpRequestHandler.java:527) ~[spring-webmvc-7.0.6.jar!/:7.0.6]
founderlink-startup-service       |  1 --- [startup-service] [           main] .s.c.n.e.s.EurekaAutoServiceRegistration : Updating port to 8083
founderlink-messaging-service     | 	at org.springframework.web.servlet.mvc.HttpRequestHandlerAdapter.handle(HttpRequestHandlerAdapter.java:50) ~[spring-webmvc-7.0.6.jar!/:7.0.6]
founderlink-messaging-service     | 	at org.springframework.web.servlet.DispatcherServlet.doDispatch(DispatcherServlet.java:963) ~[spring-webmvc-7.0.6.jar!/:7.0.6]
founderlink-messaging-service     | 	at org.springframework.web.servlet.DispatcherServlet.doService(DispatcherServlet.java:866) ~[spring-webmvc-7.0.6.jar!/:7.0.6]
founderlink-messaging-service     | 	at org.springframework.web.servlet.FrameworkServlet.processRequest(FrameworkServlet.java:1000) ~[spring-webmvc-7.0.6.jar!/:7.0.6]
founderlink-messaging-service     | 	at org.springframework.web.servlet.FrameworkServlet.doGet(FrameworkServlet.java:892) ~[spring-webmvc-7.0.6.jar!/:7.0.6]
founderlink-messaging-service     | 	at jakarta.servlet.http.HttpServlet.service(HttpServlet.java:622) ~[tomcat-embed-core-11.0.18.jar!/:na]
founderlink-messaging-service     | 	at org.springframework.web.servlet.FrameworkServlet.service(FrameworkServlet.java:874) ~[spring-webmvc-7.0.6.jar!/:7.0.6]
founderlink-messaging-service     | 	at jakarta.servlet.http.HttpServlet.service(HttpServlet.java:710) ~[tomcat-embed-core-11.0.18.jar!/:na]
founderlink-messaging-service     | 	at org.apache.catalina.core.ApplicationFilterChain.doFilter(ApplicationFilterChain.java:128) ~[tomcat-embed-core-11.0.18.jar!/:na]
founderlink-messaging-service     | 	at org.apache.tomcat.websocket.server.WsFilter.doFilter(WsFilter.java:53) ~[tomcat-embed-websocket-11.0.18.jar!/:na]
founderlink-rabbitmq              | 2026-03-27 16:39:40.488723+00:00 [info] <0.704.0>  * rabbitmq_prometheus[0m
founderlink-team-service          | 2026-03-27T16:49:01.835Z 2026-03-27 16:49:01 [main] WARN  o.s.c.events.SpringDocAppInitializer - [,] - SpringDoc /swagger-ui.html endpoint is enabled by default. To disable it in production, set the property 'springdoc.swagger-ui.enabled=false'
founderlink-rabbitmq              | 2026-03-27 16:39:40.488723+00:00 [info] <0.704.0>  * rabbitmq_federation[0m
founderlink-team-service          |  1 --- [team-service] [           main] o.s.core.events.SpringDocAppInitializer  : SpringDoc /swagger-ui.html endpoint is enabled by default. To disable it in production, set the property 'springdoc.swagger-ui.enabled=false'
founderlink-startup-service       | 2026-03-27T16:48:40.189Z 2026-03-27 16:48:40 [main] INFO  c.f.s.StartupServiceApplication - [,] - Started StartupServiceApplication in 73.605 seconds (process running for 78.297)
founderlink-team-service          | 2026-03-27T16:49:51.398Z 2026-03-27 16:49:51 [http-nio-8085-exec-1] INFO  o.a.c.c.C.[Tomcat].[localhost].[/] - [,] - Initializing Spring DispatcherServlet 'dispatcherServlet'
founderlink-startup-service       |  1 --- [startup-service] [           main] c.f.s.StartupServiceApplication          : Started StartupServiceApplication in 73.605 seconds (process running for 78.297)
founderlink-messaging-service     | 	at org.apache.catalina.core.ApplicationFilterChain.doFilter(ApplicationFilterChain.java:107) ~[tomcat-embed-core-11.0.18.jar!/:na]
founderlink-startup-service       | 2026-03-27T16:48:40.307Z 2026-03-27 16:48:40 [DiscoveryClient-InstanceInfoReplicator-%d] INFO  c.netflix.discovery.DiscoveryClient - [,] - DiscoveryClient_STARTUP-SERVICE/bf2189b4edd6:startup-service:8083 - registration status: 204
founderlink-messaging-service     | 	at org.springframework.web.filter.OncePerRequestFilter.doFilter(OncePerRequestFilter.java:110) ~[spring-web-7.0.6.jar!/:7.0.6]
founderlink-startup-service       |  1 --- [startup-service] [foReplicator-%d] com.netflix.discovery.DiscoveryClient    : DiscoveryClient_STARTUP-SERVICE/bf2189b4edd6:startup-service:8083 - registration status: 204
founderlink-messaging-service     | 	at org.apache.catalina.core.ApplicationFilterChain.doFilter(ApplicationFilterChain.java:107) ~[tomcat-embed-core-11.0.18.jar!/:na]
founderlink-startup-service       | 2026-03-27T16:48:40.463Z 2026-03-27 16:48:40 [main] WARN  o.s.c.events.SpringDocAppInitializer - [,] - SpringDoc /startups/v3/api-docs endpoint is enabled by default. To disable it in production, set the property 'springdoc.api-docs.enabled=false'
founderlink-startup-service       |  1 --- [startup-service] [           main] o.s.core.events.SpringDocAppInitializer  : SpringDoc /startups/v3/api-docs endpoint is enabled by default. To disable it in production, set the property 'springdoc.api-docs.enabled=false'
founderlink-rabbitmq              | 2026-03-27 16:39:40.488723+00:00 [info] <0.704.0>  * rabbitmq_management[0m
founderlink-rabbitmq              | 2026-03-27 16:39:40.488723+00:00 [info] <0.704.0>  * rabbitmq_management_agent[0m
founderlink-api-gateway           | 2026-03-27T16:48:53.800Z 2026-03-27 16:48:53 [main] INFO  c.netflix.discovery.DiscoveryClient - [,] - Application version is -1: true
founderlink-messaging-service     | 	at org.springframework.web.filter.CompositeFilter$VirtualFilterChain.doFilter(CompositeFilter.java:108) ~[spring-web-7.0.6.jar!/:7.0.6]
founderlink-api-gateway           |  1 --- [api-gateway] [           main] com.netflix.discovery.DiscoveryClient    : Application version is -1: true
founderlink-team-service          |  1 --- [team-service] [nio-8085-exec-1] o.a.c.c.C.[Tomcat].[localhost].[/]       : Initializing Spring DispatcherServlet 'dispatcherServlet'
founderlink-api-gateway           | 2026-03-27T16:48:53.801Z 2026-03-27 16:48:53 [main] INFO  c.netflix.discovery.DiscoveryClient - [,] - Getting all instance registry info from the eureka server
founderlink-team-service          | 2026-03-27T16:49:51.399Z 2026-03-27 16:49:51 [http-nio-8085-exec-1] INFO  o.s.web.servlet.DispatcherServlet - [,] - Initializing Servlet 'dispatcherServlet'
founderlink-rabbitmq              | 2026-03-27 16:39:40.488723+00:00 [info] <0.704.0>  * rabbitmq_web_dispatch[0m
founderlink-rabbitmq              | 2026-03-27 16:39:40.603762+00:00 [info] <0.9.0> Time to start RabbitMQ: 12916 ms[0m
founderlink-startup-service       | 2026-03-27T16:48:40.464Z 2026-03-27 16:48:40 [main] WARN  o.s.c.events.SpringDocAppInitializer - [,] - SpringDoc /swagger-ui.html endpoint is enabled by default. To disable it in production, set the property 'springdoc.swagger-ui.enabled=false'
founderlink-startup-service       |  1 --- [startup-service] [           main] o.s.core.events.SpringDocAppInitializer  : SpringDoc /swagger-ui.html endpoint is enabled by default. To disable it in production, set the property 'springdoc.swagger-ui.enabled=false'
founderlink-startup-service       | 2026-03-27T16:49:51.042Z 2026-03-27 16:49:51 [http-nio-8083-exec-1] INFO  o.a.c.c.C.[Tomcat].[localhost].[/] - [,] - Initializing Spring DispatcherServlet 'dispatcherServlet'
founderlink-startup-service       |  1 --- [startup-service] [nio-8083-exec-1] o.a.c.c.C.[Tomcat].[localhost].[/]       : Initializing Spring DispatcherServlet 'dispatcherServlet'
founderlink-startup-service       | 2026-03-27T16:49:51.042Z 2026-03-27 16:49:51 [http-nio-8083-exec-1] INFO  o.s.web.servlet.DispatcherServlet - [,] - Initializing Servlet 'dispatcherServlet'
founderlink-startup-service       |  1 --- [startup-service] [nio-8083-exec-1] o.s.web.servlet.DispatcherServlet        : Initializing Servlet 'dispatcherServlet'
founderlink-startup-service       | 2026-03-27T16:49:51.044Z 2026-03-27 16:49:51 [http-nio-8083-exec-1] INFO  o.s.web.servlet.DispatcherServlet - [,] - Completed initialization in 1 ms
founderlink-startup-service       |  1 --- [startup-service] [nio-8083-exec-1] o.s.web.servlet.DispatcherServlet        : Completed initialization in 1 ms
founderlink-startup-service       | 2026-03-27T16:49:55.937Z 2026-03-27 16:49:55 [http-nio-8083-exec-2] INFO  o.s.api.AbstractOpenApiResource - [,] - Init duration for springdoc-openapi is: 369 ms
founderlink-startup-service       |  1 --- [startup-service] [nio-8083-exec-2] o.springdoc.api.AbstractOpenApiResource  : Init duration for springdoc-openapi is: 369 ms
founderlink-messaging-service     | 	at org.springframework.security.web.FilterChainProxy.lambda$doFilterInternal$3(FilterChainProxy.java:235) ~[spring-security-web-7.0.4.jar!/:7.0.4]
founderlink-messaging-service     | 	at org.springframework.security.web.ObservationFilterChainDecorator$FilterObservation$SimpleFilterObservation.lambda$wrap$1(ObservationFilterChainDecorator.java:493) ~[spring-security-web-7.0.4.jar!/:7.0.4]
founderlink-messaging-service     | 	at org.springframework.security.web.ObservationFilterChainDecorator$AroundFilterObservation$SimpleAroundFilterObservation.lambda$wrap$1(ObservationFilterChainDecorator.java:354) ~[spring-security-web-7.0.4.jar!/:7.0.4]
founderlink-messaging-service     | 	at org.springframework.security.web.ObservationFilterChainDecorator.lambda$wrapSecured$0(ObservationFilterChainDecorator.java:86) ~[spring-security-web-7.0.4.jar!/:7.0.4]
founderlink-messaging-service     | 	at org.springframework.security.web.ObservationFilterChainDecorator$VirtualFilterChain.doFilter(ObservationFilterChainDecorator.java:132) ~[spring-security-web-7.0.4.jar!/:7.0.4]
founderlink-team-service          |  1 --- [team-service] [nio-8085-exec-1] o.s.web.servlet.DispatcherServlet        : Initializing Servlet 'dispatcherServlet'
founderlink-team-service          | 2026-03-27T16:49:51.404Z 2026-03-27 16:49:51 [http-nio-8085-exec-1] INFO  o.s.web.servlet.DispatcherServlet - [,] - Completed initialization in 5 ms
founderlink-team-service          |  1 --- [team-service] [nio-8085-exec-1] o.s.web.servlet.DispatcherServlet        : Completed initialization in 5 ms
founderlink-team-service          | 2026-03-27T16:49:56.758Z 2026-03-27 16:49:56 [http-nio-8085-exec-2] INFO  o.s.api.AbstractOpenApiResource - [,] - Init duration for springdoc-openapi is: 387 ms
founderlink-team-service          |  1 --- [team-service] [nio-8085-exec-2] o.springdoc.api.AbstractOpenApiResource  : Init duration for springdoc-openapi is: 387 ms
founderlink-team-service          | 2026-03-27T16:50:52.756Z 2026-03-27 16:50:52 [http-nio-8085-exec-3] INFO  o.s.api.AbstractOpenApiResource - [,] - Init duration for springdoc-openapi is: 70 ms
founderlink-team-service          |  1 --- [team-service] [nio-8085-exec-3] o.springdoc.api.AbstractOpenApiResource  : Init duration for springdoc-openapi is: 70 ms
founderlink-startup-service       | 2026-03-27T16:50:50.801Z 2026-03-27 16:50:50 [http-nio-8083-exec-4] INFO  o.s.api.AbstractOpenApiResource - [,] - Init duration for springdoc-openapi is: 102 ms
founderlink-startup-service       |  1 --- [startup-service] [nio-8083-exec-4] o.springdoc.api.AbstractOpenApiResource  : Init duration for springdoc-openapi is: 102 ms
founderlink-api-gateway           |  1 --- [api-gateway] [           main] com.netflix.discovery.DiscoveryClient    : Getting all instance registry info from the eureka server
founderlink-rabbitmq              | 2026-03-27 16:41:11.764321+00:00 [info] <0.888.0> accepting AMQP connection <0.888.0> (172.19.0.13:57714 -> 172.19.0.5:5672)[0m
founderlink-api-gateway           | 2026-03-27T16:48:54.815Z 2026-03-27 16:48:54 [main] INFO  c.netflix.discovery.DiscoveryClient - [,] - The response status is 200
founderlink-messaging-service     | 	at org.springframework.security.web.access.intercept.AuthorizationFilter.doFilter(AuthorizationFilter.java:101) ~[spring-security-web-7.0.4.jar!/:7.0.4]
founderlink-api-gateway           |  1 --- [api-gateway] [           main] com.netflix.discovery.DiscoveryClient    : The response status is 200
founderlink-messaging-service     | 	at org.springframework.security.web.ObservationFilterChainDecorator$ObservationFilter.wrapFilter(ObservationFilterChainDecorator.java:244) ~[spring-security-web-7.0.4.jar!/:7.0.4]
founderlink-messaging-service     | 	at org.springframework.security.web.ObservationFilterChainDecorator$ObservationFilter.doFilter(ObservationFilterChainDecorator.java:231) ~[spring-security-web-7.0.4.jar!/:7.0.4]
founderlink-messaging-service     | 	at org.springframework.security.web.ObservationFilterChainDecorator$VirtualFilterChain.doFilter(ObservationFilterChainDecorator.java:141) ~[spring-security-web-7.0.4.jar!/:7.0.4]
founderlink-messaging-service     | 	at org.springframework.security.web.access.ExceptionTranslationFilter.doFilter(ExceptionTranslationFilter.java:126) ~[spring-security-web-7.0.4.jar!/:7.0.4]
founderlink-messaging-service     | 	at org.springframework.security.web.access.ExceptionTranslationFilter.doFilter(ExceptionTranslationFilter.java:120) ~[spring-security-web-7.0.4.jar!/:7.0.4]
founderlink-messaging-service     | 	at org.springframework.security.web.ObservationFilterChainDecorator$ObservationFilter.wrapFilter(ObservationFilterChainDecorator.java:244) ~[spring-security-web-7.0.4.jar!/:7.0.4]
founderlink-messaging-service     | 	at org.springframework.security.web.ObservationFilterChainDecorator$ObservationFilter.doFilter(ObservationFilterChainDecorator.java:231) ~[spring-security-web-7.0.4.jar!/:7.0.4]
founderlink-messaging-service     | 	at org.springframework.security.web.ObservationFilterChainDecorator$VirtualFilterChain.doFilter(ObservationFilterChainDecorator.java:141) ~[spring-security-web-7.0.4.jar!/:7.0.4]
founderlink-messaging-service     | 	at org.springframework.security.web.session.SessionManagementFilter.doFilter(SessionManagementFilter.java:132) ~[spring-security-web-7.0.4.jar!/:7.0.4]
founderlink-messaging-service     | 	at org.springframework.security.web.session.SessionManagementFilter.doFilter(SessionManagementFilter.java:86) ~[spring-security-web-7.0.4.jar!/:7.0.4]
founderlink-messaging-service     | 	at org.springframework.security.web.ObservationFilterChainDecorator$ObservationFilter.wrapFilter(ObservationFilterChainDecorator.java:244) ~[spring-security-web-7.0.4.jar!/:7.0.4]
founderlink-messaging-service     | 	at org.springframework.security.web.ObservationFilterChainDecorator$ObservationFilter.doFilter(ObservationFilterChainDecorator.java:231) ~[spring-security-web-7.0.4.jar!/:7.0.4]
founderlink-api-gateway           | 2026-03-27T16:48:54.820Z 2026-03-27 16:48:54 [main] INFO  c.netflix.discovery.DiscoveryClient - [,] - Starting heartbeat executor: renew interval is: 30
founderlink-api-gateway           |  1 --- [api-gateway] [           main] com.netflix.discovery.DiscoveryClient    : Starting heartbeat executor: renew interval is: 30
founderlink-rabbitmq              | 2026-03-27 16:41:11.926973+00:00 [info] <0.888.0> connection <0.888.0> (172.19.0.13:57714 -> 172.19.0.5:5672) has a client-provided name: rabbitConnectionFactory#6c6919ff:0[0m
founderlink-rabbitmq              | 2026-03-27 16:41:11.996262+00:00 [info] <0.888.0> connection <0.888.0> (172.19.0.13:57714 -> 172.19.0.5:5672 - rabbitConnectionFactory#6c6919ff:0): user 'guest' authenticated and granted access to vhost '/'[0m
founderlink-rabbitmq              | [38;5;87m2026-03-27 16:41:27.876028+00:00 [notice] <0.86.0>     alarm_handler: {set,{system_memory_high_watermark,[]}}[0m
founderlink-rabbitmq              | 2026-03-27 16:47:11.587213+00:00 [info] <0.888.0> closing AMQP connection <0.888.0> (172.19.0.13:57714 -> 172.19.0.5:5672 - rabbitConnectionFactory#6c6919ff:0, vhost: '/', user: 'guest')[0m
founderlink-rabbitmq              | [38;5;87m2026-03-27 16:47:27.902043+00:00 [notice] <0.86.0>     alarm_handler: {clear,system_memory_high_watermark}[0m
founderlink-rabbitmq              | [38;5;87m2026-03-27 16:48:27.909288+00:00 [notice] <0.86.0>     alarm_handler: {set,{system_memory_high_watermark,[]}}[0m
founderlink-rabbitmq              | 2026-03-27 16:48:54.298585+00:00 [info] <0.999.0> accepting AMQP connection <0.999.0> (172.19.0.8:59452 -> 172.19.0.5:5672)[0m
founderlink-rabbitmq              | 2026-03-27 16:48:54.402939+00:00 [info] <0.999.0> connection <0.999.0> (172.19.0.8:59452 -> 172.19.0.5:5672) has a client-provided name: rabbitConnectionFactory#6eded11a:0[0m
founderlink-rabbitmq              | 2026-03-27 16:48:54.412305+00:00 [info] <0.999.0> connection <0.999.0> (172.19.0.8:59452 -> 172.19.0.5:5672 - rabbitConnectionFactory#6eded11a:0): user 'guest' authenticated and granted access to vhost '/'[0m
founderlink-api-gateway           | 2026-03-27T16:48:54.828Z 2026-03-27 16:48:54 [main] INFO  c.n.discovery.InstanceInfoReplicator - [,] - InstanceInfoReplicator onDemand update allowed rate per min is 4
founderlink-api-gateway           |  1 --- [api-gateway] [           main] c.n.discovery.InstanceInfoReplicator     : InstanceInfoReplicator onDemand update allowed rate per min is 4
founderlink-api-gateway           | 2026-03-27T16:48:54.834Z 2026-03-27 16:48:54 [main] INFO  c.netflix.discovery.DiscoveryClient - [,] - Discovery Client initialized at timestamp 1774630134833 with initial instances count: 1
founderlink-api-gateway           |  1 --- [api-gateway] [           main] com.netflix.discovery.DiscoveryClient    : Discovery Client initialized at timestamp 1774630134833 with initial instances count: 1
founderlink-api-gateway           | 2026-03-27T16:48:54.843Z 2026-03-27 16:48:54 [main] INFO  o.s.c.n.e.s.EurekaServiceRegistry - [,] - Registering application API-GATEWAY with eureka with status UP
founderlink-api-gateway           |  1 --- [api-gateway] [           main] o.s.c.n.e.s.EurekaServiceRegistry        : Registering application API-GATEWAY with eureka with status UP
founderlink-api-gateway           | 2026-03-27T16:48:54.848Z 2026-03-27 16:48:54 [main] INFO  c.netflix.discovery.DiscoveryClient - [,] - Saw local status change event StatusChangeEvent [timestamp=1774630134848, current=UP, previous=STARTING]
founderlink-api-gateway           |  1 --- [api-gateway] [           main] com.netflix.discovery.DiscoveryClient    : Saw local status change event StatusChangeEvent [timestamp=1774630134848, current=UP, previous=STARTING]
founderlink-api-gateway           | 2026-03-27T16:48:54.856Z 2026-03-27 16:48:54 [DiscoveryClient-InstanceInfoReplicator-%d] INFO  c.netflix.discovery.DiscoveryClient - [,] - DiscoveryClient_API-GATEWAY/9e5a77b4e950:api-gateway:8080: registering service...
founderlink-api-gateway           |  1 --- [api-gateway] [foReplicator-%d] com.netflix.discovery.DiscoveryClient    : DiscoveryClient_API-GATEWAY/9e5a77b4e950:api-gateway:8080: registering service...
founderlink-api-gateway           | 2026-03-27T16:48:55.107Z 2026-03-27 16:48:55 [DiscoveryClient-InstanceInfoReplicator-%d] INFO  c.netflix.discovery.DiscoveryClient - [,] - DiscoveryClient_API-GATEWAY/9e5a77b4e950:api-gateway:8080 - registration status: 204
founderlink-api-gateway           |  1 --- [api-gateway] [foReplicator-%d] com.netflix.discovery.DiscoveryClient    : DiscoveryClient_API-GATEWAY/9e5a77b4e950:api-gateway:8080 - registration status: 204
founderlink-api-gateway           | 2026-03-27T16:48:55.426Z 2026-03-27 16:48:55 [main] INFO  o.s.b.reactor.netty.NettyWebServer - [,] - Netty started on port 8080 (http)
founderlink-api-gateway           |  1 --- [api-gateway] [           main] o.s.boot.reactor.netty.NettyWebServer    : Netty started on port 8080 (http)
founderlink-api-gateway           | 2026-03-27T16:48:55.429Z 2026-03-27 16:48:55 [main] INFO  o.s.c.n.e.s.EurekaAutoServiceRegistration - [,] - Updating port to 8080
founderlink-api-gateway           |  1 --- [api-gateway] [           main] .s.c.n.e.s.EurekaAutoServiceRegistration : Updating port to 8080
founderlink-api-gateway           | 2026-03-27T16:48:55.510Z 2026-03-27 16:48:55 [main] INFO  c.f.apigateway.ApiGatewayApplication - [,] - Started ApiGatewayApplication in 87.402 seconds (process running for 92.552)
founderlink-api-gateway           |  1 --- [api-gateway] [           main] c.f.apigateway.ApiGatewayApplication     : Started ApiGatewayApplication in 87.402 seconds (process running for 92.552)
founderlink-messaging-service     | 	at org.springframework.security.web.ObservationFilterChainDecorator$VirtualFilterChain.doFilter(ObservationFilterChainDecorator.java:141) ~[spring-security-web-7.0.4.jar!/:7.0.4]
founderlink-messaging-service     | 	at org.springframework.security.web.authentication.AnonymousAuthenticationFilter.doFilter(AnonymousAuthenticationFilter.java:100) ~[spring-security-web-7.0.4.jar!/:7.0.4]
founderlink-messaging-service     | 	at org.springframework.security.web.ObservationFilterChainDecorator$ObservationFilter.wrapFilter(ObservationFilterChainDecorator.java:244) ~[spring-security-web-7.0.4.jar!/:7.0.4]
founderlink-messaging-service     | 	at org.springframework.security.web.ObservationFilterChainDecorator$ObservationFilter.doFilter(ObservationFilterChainDecorator.java:231) ~[spring-security-web-7.0.4.jar!/:7.0.4]
founderlink-messaging-service     | 	at org.springframework.security.web.ObservationFilterChainDecorator$VirtualFilterChain.doFilter(ObservationFilterChainDecorator.java:141) ~[spring-security-web-7.0.4.jar!/:7.0.4]
founderlink-messaging-service     | 	at org.springframework.security.web.servletapi.SecurityContextHolderAwareRequestFilter.doFilter(SecurityContextHolderAwareRequestFilter.java:181) ~[spring-security-web-7.0.4.jar!/:7.0.4]
founderlink-messaging-service     | 	at org.springframework.security.web.ObservationFilterChainDecorator$ObservationFilter.wrapFilter(ObservationFilterChainDecorator.java:244) ~[spring-security-web-7.0.4.jar!/:7.0.4]
founderlink-messaging-service     | 	at org.springframework.security.web.ObservationFilterChainDecorator$ObservationFilter.doFilter(ObservationFilterChainDecorator.java:231) ~[spring-security-web-7.0.4.jar!/:7.0.4]
founderlink-messaging-service     | 	at org.springframework.security.web.ObservationFilterChainDecorator$VirtualFilterChain.doFilter(ObservationFilterChainDecorator.java:141) ~[spring-security-web-7.0.4.jar!/:7.0.4]
founderlink-messaging-service     | 	at org.springframework.security.web.savedrequest.RequestCacheAwareFilter.doFilter(RequestCacheAwareFilter.java:63) ~[spring-security-web-7.0.4.jar!/:7.0.4]
founderlink-messaging-service     | 	at org.springframework.security.web.ObservationFilterChainDecorator$ObservationFilter.wrapFilter(ObservationFilterChainDecorator.java:244) ~[spring-security-web-7.0.4.jar!/:7.0.4]
founderlink-messaging-service     | 	at org.springframework.security.web.ObservationFilterChainDecorator$ObservationFilter.doFilter(ObservationFilterChainDecorator.java:231) ~[spring-security-web-7.0.4.jar!/:7.0.4]
founderlink-messaging-service     | 	at org.springframework.security.web.ObservationFilterChainDecorator$VirtualFilterChain.doFilter(ObservationFilterChainDecorator.java:141) ~[spring-security-web-7.0.4.jar!/:7.0.4]
founderlink-messaging-service     | 	at com.founderlink.messaging_service.security.JwtAuthenticationFilter.doFilterInternal(JwtAuthenticationFilter.java:32) ~[!/:0.0.1-SNAPSHOT]
founderlink-messaging-service     | 	at org.springframework.web.filter.OncePerRequestFilter.doFilter(OncePerRequestFilter.java:116) ~[spring-web-7.0.6.jar!/:7.0.6]
founderlink-api-gateway           | 2026-03-27T16:48:55.522Z 2026-03-27 16:48:55 [main] WARN  o.s.c.events.SpringDocAppInitializer - [,] - SpringDoc /v3/api-docs endpoint is enabled by default. To disable it in production, set the property 'springdoc.api-docs.enabled=false'
founderlink-api-gateway           |  1 --- [api-gateway] [           main] o.s.core.events.SpringDocAppInitializer  : SpringDoc /v3/api-docs endpoint is enabled by default. To disable it in production, set the property 'springdoc.api-docs.enabled=false'
founderlink-api-gateway           | 2026-03-27T16:48:55.525Z 2026-03-27 16:48:55 [main] WARN  o.s.c.events.SpringDocAppInitializer - [,] - SpringDoc /swagger-ui.html endpoint is enabled by default. To disable it in production, set the property 'springdoc.swagger-ui.enabled=false'
founderlink-api-gateway           |  1 --- [api-gateway] [           main] o.s.core.events.SpringDocAppInitializer  : SpringDoc /swagger-ui.html endpoint is enabled by default. To disable it in production, set the property 'springdoc.swagger-ui.enabled=false'
founderlink-api-gateway           | 2026-03-27T16:48:55.528Z 2026-03-27 16:48:55 [main] INFO  c.f.apigateway.ApiGatewayApplication - [,] - FounderLink API Gateway (reactive) started on port 8080
founderlink-api-gateway           |  1 --- [api-gateway] [           main] c.f.apigateway.ApiGatewayApplication     : FounderLink API Gateway (reactive) started on port 8080
founderlink-api-gateway           | 2026-03-27T16:49:15.963Z 2026-03-27 16:49:15 [parallel-3] WARN  o.s.c.l.core.RoundRobinLoadBalancer - [,] - No servers available for service: AUTH-SERVICE
founderlink-api-gateway           |  1 --- [api-gateway] [     parallel-3] o.s.c.l.core.RoundRobinLoadBalancer      : No servers available for service: AUTH-SERVICE
founderlink-api-gateway           | 2026-03-27T16:49:16.052Z 2026-03-27 16:49:16 [parallel-5] WARN  o.s.c.l.core.RoundRobinLoadBalancer - [,] - No servers available for service: USER-SERVICE
founderlink-api-gateway           |  1 --- [api-gateway] [     parallel-5] o.s.c.l.core.RoundRobinLoadBalancer      : No servers available for service: USER-SERVICE
founderlink-api-gateway           | 2026-03-27T16:49:16.096Z 2026-03-27 16:49:16 [parallel-7] WARN  o.s.c.l.core.RoundRobinLoadBalancer - [,] - No servers available for service: STARTUP-SERVICE
founderlink-api-gateway           |  1 --- [api-gateway] [     parallel-7] o.s.c.l.core.RoundRobinLoadBalancer      : No servers available for service: STARTUP-SERVICE
founderlink-api-gateway           | 2026-03-27T16:49:16.138Z 2026-03-27 16:49:16 [parallel-9] WARN  o.s.c.l.core.RoundRobinLoadBalancer - [,] - No servers available for service: INVESTMENT-SERVICE
founderlink-api-gateway           |  1 --- [api-gateway] [     parallel-9] o.s.c.l.core.RoundRobinLoadBalancer      : No servers available for service: INVESTMENT-SERVICE
founderlink-api-gateway           | 2026-03-27T16:49:16.200Z 2026-03-27 16:49:16 [parallel-11] WARN  o.s.c.l.core.RoundRobinLoadBalancer - [,] - No servers available for service: TEAM-SERVICE
founderlink-api-gateway           |  1 --- [api-gateway] [    parallel-11] o.s.c.l.core.RoundRobinLoadBalancer      : No servers available for service: TEAM-SERVICE
founderlink-api-gateway           | 2026-03-27T16:49:16.250Z 2026-03-27 16:49:16 [parallel-13] WARN  o.s.c.l.core.RoundRobinLoadBalancer - [,] - No servers available for service: MESSAGING-SERVICE
founderlink-api-gateway           |  1 --- [api-gateway] [    parallel-13] o.s.c.l.core.RoundRobinLoadBalancer      : No servers available for service: MESSAGING-SERVICE
founderlink-api-gateway           | 2026-03-27T16:49:16.298Z 2026-03-27 16:49:16 [parallel-15] WARN  o.s.c.l.core.RoundRobinLoadBalancer - [,] - No servers available for service: NOTIFICATION-SERVICE
founderlink-api-gateway           |  1 --- [api-gateway] [    parallel-15] o.s.c.l.core.RoundRobinLoadBalancer      : No servers available for service: NOTIFICATION-SERVICE
founderlink-messaging-service     | 	at org.springframework.security.web.ObservationFilterChainDecorator$ObservationFilter.wrapFilter(ObservationFilterChainDecorator.java:244) ~[spring-security-web-7.0.4.jar!/:7.0.4]
founderlink-messaging-service     | 	at org.springframework.security.web.ObservationFilterChainDecorator$ObservationFilter.doFilter(ObservationFilterChainDecorator.java:231) ~[spring-security-web-7.0.4.jar!/:7.0.4]
founderlink-messaging-service     | 	at org.springframework.security.web.ObservationFilterChainDecorator$VirtualFilterChain.doFilter(ObservationFilterChainDecorator.java:141) ~[spring-security-web-7.0.4.jar!/:7.0.4]
founderlink-messaging-service     | 	at org.springframework.security.web.authentication.logout.LogoutFilter.doFilter(LogoutFilter.java:110) ~[spring-security-web-7.0.4.jar!/:7.0.4]
founderlink-messaging-service     | 	at org.springframework.security.web.authentication.logout.LogoutFilter.doFilter(LogoutFilter.java:96) ~[spring-security-web-7.0.4.jar!/:7.0.4]
founderlink-messaging-service     | 	at org.springframework.security.web.ObservationFilterChainDecorator$ObservationFilter.wrapFilter(ObservationFilterChainDecorator.java:244) ~[spring-security-web-7.0.4.jar!/:7.0.4]
founderlink-messaging-service     | 	at org.springframework.security.web.ObservationFilterChainDecorator$ObservationFilter.doFilter(ObservationFilterChainDecorator.java:231) ~[spring-security-web-7.0.4.jar!/:7.0.4]
founderlink-messaging-service     | 	at org.springframework.security.web.ObservationFilterChainDecorator$VirtualFilterChain.doFilter(ObservationFilterChainDecorator.java:141) ~[spring-security-web-7.0.4.jar!/:7.0.4]
founderlink-messaging-service     | 	at org.springframework.security.web.header.HeaderWriterFilter.doHeadersAfter(HeaderWriterFilter.java:90) ~[spring-security-web-7.0.4.jar!/:7.0.4]
founderlink-messaging-service     | 	at org.springframework.security.web.header.HeaderWriterFilter.doFilterInternal(HeaderWriterFilter.java:75) ~[spring-security-web-7.0.4.jar!/:7.0.4]
founderlink-messaging-service     | 	at org.springframework.web.filter.OncePerRequestFilter.doFilter(OncePerRequestFilter.java:116) ~[spring-web-7.0.6.jar!/:7.0.6]
founderlink-messaging-service     | 	at org.springframework.security.web.ObservationFilterChainDecorator$ObservationFilter.wrapFilter(ObservationFilterChainDecorator.java:244) ~[spring-security-web-7.0.4.jar!/:7.0.4]
founderlink-messaging-service     | 	at org.springframework.security.web.ObservationFilterChainDecorator$ObservationFilter.doFilter(ObservationFilterChainDecorator.java:231) ~[spring-security-web-7.0.4.jar!/:7.0.4]
founderlink-messaging-service     | 	at org.springframework.security.web.ObservationFilterChainDecorator$VirtualFilterChain.doFilter(ObservationFilterChainDecorator.java:141) ~[spring-security-web-7.0.4.jar!/:7.0.4]
founderlink-messaging-service     | 	at org.springframework.security.web.context.SecurityContextHolderFilter.doFilter(SecurityContextHolderFilter.java:82) ~[spring-security-web-7.0.4.jar!/:7.0.4]
founderlink-messaging-service     | 	at org.springframework.security.web.context.SecurityContextHolderFilter.doFilter(SecurityContextHolderFilter.java:69) ~[spring-security-web-7.0.4.jar!/:7.0.4]
founderlink-messaging-service     | 	at org.springframework.security.web.ObservationFilterChainDecorator$ObservationFilter.wrapFilter(ObservationFilterChainDecorator.java:244) ~[spring-security-web-7.0.4.jar!/:7.0.4]
founderlink-messaging-service     | 	at org.springframework.security.web.ObservationFilterChainDecorator$ObservationFilter.doFilter(ObservationFilterChainDecorator.java:231) ~[spring-security-web-7.0.4.jar!/:7.0.4]
founderlink-messaging-service     | 	at org.springframework.security.web.ObservationFilterChainDecorator$VirtualFilterChain.doFilter(ObservationFilterChainDecorator.java:141) ~[spring-security-web-7.0.4.jar!/:7.0.4]
founderlink-messaging-service     | 	at org.springframework.security.web.context.request.async.WebAsyncManagerIntegrationFilter.doFilterInternal(WebAsyncManagerIntegrationFilter.java:62) ~[spring-security-web-7.0.4.jar!/:7.0.4]
founderlink-messaging-service     | 	at org.springframework.web.filter.OncePerRequestFilter.doFilter(OncePerRequestFilter.java:116) ~[spring-web-7.0.6.jar!/:7.0.6]
founderlink-messaging-service     | 	at org.springframework.security.web.ObservationFilterChainDecorator$ObservationFilter.wrapFilter(ObservationFilterChainDecorator.java:244) ~[spring-security-web-7.0.4.jar!/:7.0.4]
founderlink-messaging-service     | 	at org.springframework.security.web.ObservationFilterChainDecorator$ObservationFilter.doFilter(ObservationFilterChainDecorator.java:231) ~[spring-security-web-7.0.4.jar!/:7.0.4]
founderlink-messaging-service     | 	at org.springframework.security.web.ObservationFilterChainDecorator$VirtualFilterChain.doFilter(ObservationFilterChainDecorator.java:141) ~[spring-security-web-7.0.4.jar!/:7.0.4]
founderlink-messaging-service     | 	at org.springframework.security.web.session.DisableEncodeUrlFilter.doFilterInternal(DisableEncodeUrlFilter.java:42) ~[spring-security-web-7.0.4.jar!/:7.0.4]
founderlink-messaging-service     | 	at org.springframework.web.filter.OncePerRequestFilter.doFilter(OncePerRequestFilter.java:116) ~[spring-web-7.0.6.jar!/:7.0.6]
founderlink-messaging-service     | 	at org.springframework.security.web.ObservationFilterChainDecorator$ObservationFilter.wrapFilter(ObservationFilterChainDecorator.java:244) ~[spring-security-web-7.0.4.jar!/:7.0.4]
founderlink-messaging-service     | 	at org.springframework.security.web.ObservationFilterChainDecorator$AroundFilterObservation$SimpleAroundFilterObservation.lambda$wrap$0(ObservationFilterChainDecorator.java:337) ~[spring-security-web-7.0.4.jar!/:7.0.4]
founderlink-messaging-service     | 	at org.springframework.security.web.ObservationFilterChainDecorator$ObservationFilter.doFilter(ObservationFilterChainDecorator.java:228) ~[spring-security-web-7.0.4.jar!/:7.0.4]
founderlink-messaging-service     | 	at org.springframework.security.web.ObservationFilterChainDecorator$VirtualFilterChain.doFilter(ObservationFilterChainDecorator.java:141) ~[spring-security-web-7.0.4.jar!/:7.0.4]
founderlink-messaging-service     | 	at org.springframework.security.web.FilterChainProxy.doFilterInternal(FilterChainProxy.java:237) ~[spring-security-web-7.0.4.jar!/:7.0.4]
founderlink-messaging-service     | 	at org.springframework.security.web.FilterChainProxy.doFilter(FilterChainProxy.java:195) ~[spring-security-web-7.0.4.jar!/:7.0.4]
founderlink-messaging-service     | 	at org.springframework.web.filter.CompositeFilter$VirtualFilterChain.doFilter(CompositeFilter.java:113) ~[spring-web-7.0.6.jar!/:7.0.6]
founderlink-messaging-service     | 	at org.springframework.web.filter.ServletRequestPathFilter.doFilter(ServletRequestPathFilter.java:52) ~[spring-web-7.0.6.jar!/:7.0.6]
founderlink-messaging-service     | 	at org.springframework.web.filter.CompositeFilter$VirtualFilterChain.doFilter(CompositeFilter.java:113) ~[spring-web-7.0.6.jar!/:7.0.6]
founderlink-messaging-service     | 	at org.springframework.web.filter.CompositeFilter.doFilter(CompositeFilter.java:74) ~[spring-web-7.0.6.jar!/:7.0.6]
founderlink-messaging-service     | 	at org.springframework.security.config.annotation.web.configuration.WebSecurityConfiguration$CompositeFilterChainProxy.doFilter(WebSecurityConfiguration.java:317) ~[spring-security-config-7.0.4.jar!/:7.0.4]
founderlink-messaging-service     | 	at org.springframework.web.filter.DelegatingFilterProxy.invokeDelegate(DelegatingFilterProxy.java:355) ~[spring-web-7.0.6.jar!/:7.0.6]
founderlink-messaging-service     | 	at org.springframework.web.filter.DelegatingFilterProxy.doFilter(DelegatingFilterProxy.java:272) ~[spring-web-7.0.6.jar!/:7.0.6]
founderlink-messaging-service     | 	at org.apache.catalina.core.ApplicationFilterChain.doFilter(ApplicationFilterChain.java:107) ~[tomcat-embed-core-11.0.18.jar!/:na]
founderlink-messaging-service     | 	at org.springframework.web.filter.RequestContextFilter.doFilterInternal(RequestContextFilter.java:100) ~[spring-web-7.0.6.jar!/:7.0.6]
founderlink-messaging-service     | 	at org.springframework.web.filter.OncePerRequestFilter.doFilter(OncePerRequestFilter.java:116) ~[spring-web-7.0.6.jar!/:7.0.6]
founderlink-messaging-service     | 	at org.apache.catalina.core.ApplicationFilterChain.doFilter(ApplicationFilterChain.java:107) ~[tomcat-embed-core-11.0.18.jar!/:na]
founderlink-messaging-service     | 	at org.springframework.web.filter.FormContentFilter.doFilterInternal(FormContentFilter.java:93) ~[spring-web-7.0.6.jar!/:7.0.6]
founderlink-messaging-service     | 	at org.springframework.web.filter.OncePerRequestFilter.doFilter(OncePerRequestFilter.java:116) ~[spring-web-7.0.6.jar!/:7.0.6]
founderlink-messaging-service     | 	at org.apache.catalina.core.ApplicationFilterChain.doFilter(ApplicationFilterChain.java:107) ~[tomcat-embed-core-11.0.18.jar!/:na]
founderlink-messaging-service     | 	at org.springframework.web.filter.ServerHttpObservationFilter.doFilterInternal(ServerHttpObservationFilter.java:110) ~[spring-web-7.0.6.jar!/:7.0.6]
founderlink-messaging-service     | 	at org.springframework.web.filter.OncePerRequestFilter.doFilter(OncePerRequestFilter.java:116) ~[spring-web-7.0.6.jar!/:7.0.6]
founderlink-messaging-service     | 	at org.apache.catalina.core.ApplicationFilterChain.doFilter(ApplicationFilterChain.java:107) ~[tomcat-embed-core-11.0.18.jar!/:na]
founderlink-messaging-service     | 	at org.springframework.web.filter.CharacterEncodingFilter.doFilterInternal(CharacterEncodingFilter.java:199) ~[spring-web-7.0.6.jar!/:7.0.6]
founderlink-messaging-service     | 	at org.springframework.web.filter.OncePerRequestFilter.doFilter(OncePerRequestFilter.java:116) ~[spring-web-7.0.6.jar!/:7.0.6]
founderlink-messaging-service     | 	at org.apache.catalina.core.ApplicationFilterChain.doFilter(ApplicationFilterChain.java:107) ~[tomcat-embed-core-11.0.18.jar!/:na]
founderlink-messaging-service     | 	at org.apache.catalina.core.StandardWrapperValve.invoke(StandardWrapperValve.java:165) ~[tomcat-embed-core-11.0.18.jar!/:na]
founderlink-messaging-service     | 	at org.apache.catalina.core.StandardContextValve.invoke(StandardContextValve.java:77) ~[tomcat-embed-core-11.0.18.jar!/:na]
founderlink-messaging-service     | 	at org.apache.catalina.authenticator.AuthenticatorBase.invoke(AuthenticatorBase.java:492) ~[tomcat-embed-core-11.0.18.jar!/:na]
founderlink-messaging-service     | 	at org.apache.catalina.core.StandardHostValve.invoke(StandardHostValve.java:113) ~[tomcat-embed-core-11.0.18.jar!/:na]
founderlink-messaging-service     | 	at org.apache.catalina.valves.ErrorReportValve.invoke(ErrorReportValve.java:83) ~[tomcat-embed-core-11.0.18.jar!/:na]
founderlink-messaging-service     | 	at org.apache.catalina.core.StandardEngineValve.invoke(StandardEngineValve.java:72) ~[tomcat-embed-core-11.0.18.jar!/:na]
founderlink-messaging-service     | 	at org.apache.catalina.connector.CoyoteAdapter.service(CoyoteAdapter.java:341) ~[tomcat-embed-core-11.0.18.jar!/:na]
founderlink-messaging-service     | 	at org.apache.coyote.http11.Http11Processor.service(Http11Processor.java:397) ~[tomcat-embed-core-11.0.18.jar!/:na]
founderlink-messaging-service     | 	at org.apache.coyote.AbstractProcessorLight.process(AbstractProcessorLight.java:63) ~[tomcat-embed-core-11.0.18.jar!/:na]
founderlink-messaging-service     | 	at org.apache.coyote.AbstractProtocol$ConnectionHandler.process(AbstractProtocol.java:903) ~[tomcat-embed-core-11.0.18.jar!/:na]
founderlink-messaging-service     | 	at org.apache.tomcat.util.net.NioEndpoint$SocketProcessor.doRun(NioEndpoint.java:1779) ~[tomcat-embed-core-11.0.18.jar!/:na]
founderlink-messaging-service     | 	at org.apache.tomcat.util.net.SocketProcessorBase.run(SocketProcessorBase.java:52) ~[tomcat-embed-core-11.0.18.jar!/:na]
founderlink-messaging-service     | 	at org.apache.tomcat.util.threads.ThreadPoolExecutor.runWorker(ThreadPoolExecutor.java:946) ~[tomcat-embed-core-11.0.18.jar!/:na]
founderlink-messaging-service     | 	at org.apache.tomcat.util.threads.ThreadPoolExecutor$Worker.run(ThreadPoolExecutor.java:480) ~[tomcat-embed-core-11.0.18.jar!/:na]
founderlink-messaging-service     | 	at org.apache.tomcat.util.threads.TaskThread$WrappingRunnable.run(TaskThread.java:57) ~[tomcat-embed-core-11.0.18.jar!/:na]
founderlink-messaging-service     | 	at java.base/java.lang.Thread.run(Unknown Source) ~[na:na]
founderlink-messaging-service     | 
founderlink-messaging-service     | 2026-03-27T16:49:57.113Z 2026-03-27 16:49:57 [http-nio-8086-exec-2] INFO  o.s.api.AbstractOpenApiResource - [,] - Init duration for springdoc-openapi is: 252 ms
founderlink-messaging-service     |  1 --- [messaging-service] [nio-8086-exec-2] o.springdoc.api.AbstractOpenApiResource  : Init duration for springdoc-openapi is: 252 ms
founderlink-messaging-service     | 2026-03-27T16:50:46.970Z 2026-03-27 16:50:46 [http-nio-8086-exec-3] INFO  o.s.api.AbstractOpenApiResource - [,] - Init duration for springdoc-openapi is: 62 ms
founderlink-messaging-service     |  1 --- [messaging-service] [nio-8086-exec-3] o.springdoc.api.AbstractOpenApiResource  : Init duration for springdoc-openapi is: 62 ms
